Season,School,Conf,G,GS,MP,PER,TS%,eFG%,3PAr,FTr,PProd,ORB%,DRB%,TRB%,AST%,STL%,BLK%,TOV%,USG%,OWS,DWS,WS,WS/40,OBPM,DBPM,BPM,Name
2021-22,Ball State,MAC,8,0,100,8.9,0.399,0.326,0.391,0.304,29.0,7.9,13.4,10.6,18.9,1.7,0.0,18.6,15.9,0.0,0.1,0.1,0.042,-2.0,-0.6,-2.6,kani-acree
2021-22,Vanderbilt,SEC,4,0,9,2.5,0.0,0.0,0.5,0.0,1.0,0.0,26.2,12.9,38.0,0.0,0.0,0.0,11.3,0.0,0.0,0.0,-0.018,-6.8,1.5,-5.2,max-adelman
2021-22,Arizona,Pac-12,7,0,95,25.1,0.626,0.648,0.593,0.074,39.0,10.1,16.3,13.5,24.0,4.1,2.0,9.7,15.4,0.4,0.2,0.6,0.259,6.5,6.4,12.9,kim-aikenjr
2021-22,California Baptist,WAC,34,33,908,19.4,0.602,0.541,0.005,0.976,366.0,8.5,24.9,16.9,11.4,1.6,4.0,20.7,21.5,1.8,2.1,3.9,0.17,-0.8,1.1,0.3,daniel-akin
2021-22,Chicago State,WAC,21,10,564,12.6,0.502,0.435,0.518,0.353,177.0,4.2,10.8,7.4,20.8,2.8,0.2,20.6,18.4,0.5,0.2,0.8,0.054,-1.6,-1.0,-2.6,dominique-alexander
2020-21,Oral Roberts,Summit,5,0,32,25.3,0.589,0.538,0.538,0.231,16.0,3.5,13.0,8.5,12.3,3.4,2.9,6.5,23.7,0.1,0.0,0.2,0.206,12.4,6.7,19.1,jonathan-alexandre
2021-22,California,Pac-12,1,1,1,-13.7,0.0,0.0,1.0,0.0,0.0,0.0,100.0,100.0,0.0,0.0,0.0,0.0,54.4,0.0,0.0,0.0,-0.463,-44.9,8.4,-36.5,logan-alters
2020-21,South Alabama,Sun Belt,12,0,20,6.4,,,,,2.0,5.7,10.6,8.3,15.9,0.0,0.0,,0.0,0.0,0.0,0.0,0.08,-3.5,-2.0,-5.5,andrew-anderson
2021-22,North Dakota,Summit,2,0,3,0.0,,,,,0.0,0.0,0.0,0.0,0.0,0.0,0.0,,0.0,0.0,0.0,0.0,-0.026,-5.0,-3.0,-8.0,jackson-anderson
2021-22,Western Illinois,Summit,13,0,58,8.5,0.44,0.438,0.188,0.438,19.0,10.7,24.7,17.2,6.1,0.0,3.5,26.6,21.8,-0.1,0.1,0.0,-0.009,-11.7,-3.9,-15.6,adam-anhold
2021-22,Wofford,Southern,16,1,48,11.4,0.875,1.0,0.0,0.5,13.0,11.2,23.2,17.1,8.1,1.3,3.0,48.5,16.3,0.0,0.1,0.1,0.063,-4.7,0.8,-3.9,david-appelgren
2020-21,Lehigh,Patriot,6,0,17,-16.2,0.0,0.0,0.333,0.0,0.0,0.0,21.2,10.1,0.0,3.3,0.0,50.0,17.6,-0.1,0.0,-0.1,-0.26,-21.6,-1.5,-23.1,andrei-arion
2021-22,Iowa,Big Ten,18,0,79,23.7,0.57,0.538,0.667,0.359,50.0,4.1,9.8,7.0,26.6,0.0,0.0,11.6,31.8,0.3,0.0,0.4,0.191,5.0,-3.1,1.9,austin-ash
2021-22,Drexel,CAA,2,0,3,-26.9,0.0,0.0,1.0,0.0,0.0,0.0,0.0,0.0,0.0,0.0,0.0,0.0,17.4,0.0,0.0,0.0,-0.229,-2.7,1.2,-1.5,ata-atsuren
2021-22,Georgetown,Big East,7,0,18,22.9,0.6,0.6,0.0,0.0,6.0,11.3,0.0,6.0,12.2,3.1,6.3,0.0,13.2,0.1,0.0,0.1,0.156,4.5,3.8,8.3,chuma-azinge
2021-22,Eastern Illinois,OVC,1,0,14,9.2,0.506,0.333,0.333,0.667,4.0,0.0,8.5,4.3,16.6,0.0,8.7,20.2,19.1,0.0,0.0,0.0,0.029,-4.7,0.5,-4.2,myles-baker
2021-22,Fresno State,MWC,23,2,415,10.4,0.542,0.521,0.794,0.216,102.0,0.9,7.8,4.4,5.8,1.7,1.0,8.5,15.9,0.6,0.7,1.3,0.122,-0.3,2.2,1.8,junior-ballard
2020-21,Cincinnati,AAC,8,1,36,-0.4,0.0,0.0,0.2,0.0,2.0,3.0,6.5,4.7,9.0,4.7,0.0,16.7,8.1,-0.1,0.1,0.0,-0.038,-7.3,3.2,-4.1,rob-banks
2021-22,Princeton,Ivy,25,2,155,17.1,0.617,0.652,0.485,0.273,45.0,5.3,17.4,11.3,7.1,1.1,5.8,11.8,14.1,0.3,0.2,0.6,0.148,0.1,1.0,1.1,elijah-barnes
2021-22,Kansas City,Summit,22,0,263,16.3,0.697,0.712,0.154,0.423,81.0,3.7,12.7,8.0,8.2,2.8,0.5,18.3,15.2,0.6,0.5,1.0,0.156,-1.6,0.6,-1.0,timothy-barnes
2021-22,Delaware State,MEAC,28,14,613,10.5,0.459,0.436,0.331,0.267,174.0,6.5,12.3,9.5,4.7,2.1,2.2,15.7,18.5,0.0,0.6,0.6,0.041,-3.1,-2.3,-5.4,dmarco-baucum
2021-22,Cal State Northridge,Big West,25,6,524,8.8,0.442,0.395,0.116,0.256,128.0,3.8,11.9,7.6,8.2,2.1,0.9,17.2,17.7,-0.2,0.3,0.1,0.011,-3.8,-2.1,-6.0,darius-beane
2021-22,Miami (OH),MAC,15,0,144,14.0,0.441,0.316,0.0,0.658,56.0,17.0,15.2,16.2,7.0,2.4,2.4,18.1,21.5,0.1,0.2,0.3,0.085,-4.9,-2.3,-7.2,james-beck
2021-22,Stanford,Pac-12,5,1,10,-12.4,0.0,0.0,1.0,0.0,0.0,0.0,12.2,6.0,0.0,6.0,0.0,25.0,20.5,-0.1,0.0,-0.1,-0.232,-13.7,2.1,-11.6,daniel-begovich
2021-22,Merrimack,NEC,17,0,92,9.5,0.495,0.417,0.833,0.375,26.0,1.3,12.0,6.6,6.8,1.4,0.0,9.6,19.1,0.1,0.1,0.2,0.076,-2.1,-2.3,-4.4,james-berryiii
2021-22,Bethune-Cookman,SWAC,5,0,19,-5.9,0.0,0.0,0.0,0.0,0.0,0.0,6.6,3.1,0.0,3.1,0.0,33.3,8.2,-0.1,0.0,0.0,-0.092,-12.3,0.1,-12.2,quavon-blackwood
2021-22,William & Mary,CAA,13,3,308,18.1,0.655,0.631,0.363,0.488,113.0,5.8,15.9,10.7,5.5,1.3,1.1,14.7,18.9,0.8,0.2,1.0,0.129,1.2,-1.3,-0.2,quinn-blair
2019-20,Youngstown State,Horizon,5,0,13,19.2,0.58,0.5,0.8,0.8,7.0,0.0,8.7,4.2,15.5,0.0,0.0,12.7,29.6,0.1,0.0,0.1,0.171,-17.2,-10.9,-28.1,justin-bofenkamp
2021-22,Houston Baptist,Southland,16,7,277,4.2,0.397,0.354,0.615,0.271,88.0,2.1,13.3,7.5,14.6,1.8,1.6,22.8,24.3,-0.5,0.2,-0.2,-0.032,-5.7,-1.9,-7.5,za-ontay-boothman
2021-22,Louisiana-Monroe,Sun Belt,9,1,171,19.2,0.565,0.541,0.479,0.192,84.0,3.4,10.2,6.8,21.2,2.3,0.7,15.8,28.1,0.3,0.1,0.5,0.106,-0.5,-3.4,-4.0,trey-boston
2021-22,Norfolk State,MEAC,16,0,82,2.1,0.374,0.278,0.167,0.556,19.0,1.5,7.6,4.7,12.3,2.1,0.0,26.0,18.5,-0.1,0.2,0.0,0.01,-9.4,-3.0,-12.4,andre-bottoms
2021-22,Morgan State,MEAC,14,0,84,9.1,0.597,0.607,0.286,0.286,18.0,1.3,1.4,1.3,10.1,3.8,0.0,23.9,11.4,0.0,0.1,0.2,0.088,-7.1,-1.3,-8.4,elijah-bowens
2021-22,Northeastern,CAA,21,0,80,3.2,0.533,0.571,0.0,0.714,10.0,4.9,8.0,6.5,0.0,0.0,2.8,29.9,9.1,0.0,0.0,0.0,0.003,-6.1,-0.6,-6.7,connor-braun
2020-21,Missouri State,MVC,4,0,11,44.0,0.737,0.875,0.25,0.75,6.0,11.5,19.5,15.8,0.0,5.3,0.0,0.0,25.8,0.1,0.0,0.1,0.329,-5.4,-5.7,-11.2,elijah-bridgers
2021-22,Prairie View,SWAC,6,1,30,1.7,0.223,0.25,0.0,0.25,3.0,3.9,3.7,3.8,6.0,1.9,7.2,18.3,8.8,0.0,0.0,0.0,-0.025,-5.7,0.1,-5.6,jerroda-briscoe
2020-21,Manhattan,MAAC,3,0,11,12.6,0.606,0.5,0.0,0.5,3.0,9.4,0.0,5.1,0.0,5.4,0.0,0.0,11.3,0.0,0.0,0.1,0.194,-7.2,3.7,-3.6,amir-britt
2021-22,Jacksonville,A-Sun,12,0,108,14.8,0.408,0.379,0.31,0.207,30.0,9.2,27.0,18.2,12.6,4.1,5.2,22.0,20.5,-0.1,0.3,0.3,0.097,-2.9,0.7,-2.1,isaiah-broady
2021-22,Binghamton,AEC,6,0,13,-14.0,0.084,0.0,0.4,0.4,1.0,0.0,8.5,4.3,0.0,0.0,0.0,0.0,23.8,-0.1,0.0,-0.1,-0.24,-24.9,-12.9,-37.8,alex-brodsky
2021-22,Radford,Big South,2,0,2,-56.9,0.0,0.0,1.0,0.0,0.0,0.0,65.1,30.6,0.0,0.0,0.0,50.0,52.9,0.0,0.0,0.0,-0.811,-53.1,-11.9,-65.0,austin-brown
2021-22,Florida A&M,SWAC,19,3,348,16.6,0.634,0.629,0.613,0.108,110.0,4.7,8.8,6.8,7.9,1.0,2.6,10.1,16.3,0.8,0.3,1.1,0.13,2.2,-1.7,0.5,johnny-brown
2017-18,UNC Asheville,Big South,12,1,69,16.4,0.618,0.525,0.4,0.45,27.0,5.9,14.4,10.3,6.1,1.8,3.5,17.1,23.3,0.1,0.1,0.2,0.127,-4.4,-0.4,-4.7,justin-brown
2021-22,Northern Arizona,Big Sky,22,0,233,8.5,0.515,0.525,0.3,0.55,55.0,5.7,15.8,10.6,10.0,2.0,0.5,26.3,15.0,0.0,0.2,0.2,0.031,-6.0,-1.8,-7.8,wynton-brown
2021-22,Toledo,MAC,5,0,15,-8.4,0.279,0.25,0.0,0.25,4.0,0.0,26.7,14.2,0.0,0.0,0.0,18.3,36.1,-0.1,0.0,-0.1,-0.178,-21.7,-7.2,-28.9,jordan-burge
2021-22,NJIT,AEC,23,21,745,10.9,0.481,0.448,0.436,0.267,192.0,2.1,11.7,6.9,17.5,2.3,0.2,14.7,15.5,0.5,0.8,1.3,0.067,-4.0,-0.6,-4.6,antwuan-butler
2020-21,South Carolina State,MEAC,6,0,48,6.9,0.489,0.4,0.467,0.333,16.0,4.4,5.1,4.8,4.6,1.1,0.0,22.3,22.7,0.0,0.0,0.0,-0.016,-4.7,-4.9,-9.6,rashamel-butler
2021-22,Western Kentucky,CUSA,18,4,195,14.1,0.512,0.527,0.036,0.509,71.0,11.3,11.8,11.6,2.9,2.6,3.5,19.9,22.0,0.1,0.3,0.4,0.078,-4.4,-1.0,-5.4,jaylen-butz
2021-22,Pacific,WCC,29,1,267,7.3,0.47,0.414,0.157,0.743,84.0,0.8,8.0,4.2,9.4,1.5,0.9,20.2,22.9,-0.2,0.2,0.0,-0.007,-4.3,-1.1,-5.4,jaden-byers
2021-22,UMBC,AEC,27,1,216,6.1,0.425,0.402,0.429,0.196,55.0,1.7,7.4,4.6,12.9,2.2,0.0,20.7,18.8,-0.2,0.2,0.0,-0.004,-5.3,-1.6,-6.9,hakim-byrd
2021-22,California Baptist,WAC,27,0,243,13.0,0.557,0.511,0.364,0.386,63.0,6.6,12.2,9.5,11.8,1.2,1.7,10.3,12.1,0.5,0.4,0.8,0.139,-0.6,0.4,-0.3,tyree-campbell
2019-20,St. Bonaventure,A-10,14,0,78,7.7,0.367,0.368,0.053,0.158,16.0,7.4,16.2,11.8,2.4,2.3,6.8,12.8,15.6,0.0,0.1,0.1,0.044,-5.4,1.7,-3.7,robert-carpenter
2021-22,SIU-Edwardsville,OVC,32,24,1015,11.9,0.522,0.493,0.375,0.296,280.0,2.9,13.1,7.8,21.7,2.7,0.5,25.2,16.0,0.5,1.4,1.9,0.075,-3.0,0.1,-3.0,courtney-carter
2021-22,New Mexico State,WAC,2,0,18,2.0,0.417,0.417,0.5,0.0,4.0,0.0,12.2,6.4,0.0,0.0,0.0,14.3,19.7,0.0,0.0,0.0,0.009,-6.2,-3.5,-9.8,marsei-caston
2021-22,Marist,MAAC,30,27,651,16.2,0.534,0.517,0.393,0.131,233.0,2.2,16.2,9.3,5.6,1.7,0.7,8.6,21.5,1.1,0.9,2.0,0.12,-0.3,-0.6,-0.9,samkelo-cele
2021-22,Tennessee Tech,OVC,8,0,26,7.2,0.397,0.375,0.45,0.15,14.0,0.0,12.8,6.4,9.0,2.2,0.0,12.3,45.8,-0.1,0.0,0.0,-0.073,-14.8,-7.5,-22.3,caleb-christopher
2021-22,Chicago State,WAC,30,12,509,9.7,0.546,0.532,0.763,0.215,109.0,3.3,5.9,4.6,8.3,2.0,0.2,16.3,12.2,0.5,0.0,0.5,0.04,-1.2,-1.3,-2.5,favour-chukwukelu
2021-22,UTEP,CUSA,14,0,88,2.3,0.5,0.5,0.4,0.0,8.0,1.3,4.1,2.7,11.5,1.3,0.0,37.5,4.8,0.0,0.1,0.1,0.046,-7.0,0.9,-6.0,cam-clardy
2021-22,Alabama State,SWAC,3,0,13,-0.5,0.169,0.0,0.0,1.0,2.0,0.0,17.5,8.7,25.6,0.0,0.0,25.3,14.9,0.0,0.0,0.0,-0.088,-15.9,-11.1,-27.0,kareem-clark
2021-22,Austin Peay,OVC,7,0,12,10.3,0.508,0.5,0.0,1.0,2.0,0.0,21.2,10.0,0.0,5.0,0.0,25.3,17.2,0.0,0.0,0.0,0.033,-5.5,-3.0,-8.5,chandler-clements
2021-22,Eastern Illinois,OVC,27,25,859,9.1,0.441,0.406,0.373,0.406,259.0,1.0,13.5,7.3,34.1,1.8,1.1,23.1,20.7,-0.5,0.6,0.1,0.004,-5.9,-2.4,-8.2,kejuan-clements
2021-22,Eastern Michigan,MAC,1,0,1,-44.3,0.0,0.0,0.0,0.0,0.0,0.0,0.0,0.0,0.0,0.0,0.0,0.0,50.7,0.0,0.0,0.0,-0.751,-23.2,-13.9,-37.1,malcolm-clements
2021-22,Xavier,Big East,1,0,2,20.2,0.0,0.0,0.0,0.0,1.0,57.5,0.0,28.4,76.6,0.0,0.0,0.0,25.3,0.0,0.0,0.0,0.045,6.8,-8.3,-1.5,spencer-cody
2021-22,Stephen F. Austin,WAC,9,0,32,7.0,0.432,0.333,0.5,0.333,7.0,3.7,14.6,9.2,15.1,1.7,3.7,30.2,14.9,0.0,0.1,0.0,0.05,-6.4,0.2,-6.1,jimel-cofer
2020-21,Cal State Northridge,Big West,8,7,223,17.6,0.528,0.5,0.566,0.131,94.0,1.5,14.6,7.7,7.9,1.0,1.0,5.4,24.8,0.4,0.1,0.5,0.088,3.1,-3.7,-0.6,lance-colemanii
2021-22,Cal Poly,Big West,24,9,533,11.3,0.547,0.483,0.405,0.455,145.0,3.9,14.1,9.1,2.6,0.7,0.2,14.5,17.3,0.6,0.5,1.1,0.082,-0.6,-1.5,-2.1,kyle-colvin
2021-22,Western Kentucky,CUSA,9,0,26,-4.2,0.178,0.143,0.714,0.429,3.0,0.0,16.2,8.5,0.0,2.2,0.0,10.6,18.2,-0.1,0.0,-0.1,-0.109,-10.2,-4.0,-14.2,bailey-conrad
2021-22,Robert Morris,Horizon,23,0,142,-0.6,0.474,0.441,0.471,0.118,21.0,0.9,8.2,4.7,13.0,1.2,0.0,47.1,12.5,-0.2,0.0,-0.2,-0.064,-9.2,-2.9,-12.2,chase-cook
2021-22,New Mexico State,WAC,13,0,109,22.2,0.69,0.641,0.75,0.469,48.0,1.1,14.2,8.0,14.7,1.6,1.1,13.3,20.9,0.4,0.2,0.6,0.235,6.6,3.1,9.7,virshon-cotton
2020-21,San Jose State,MWC,12,1,107,-4.7,0.256,0.2,0.0,0.36,18.0,7.5,10.5,9.0,0.0,0.0,0.9,21.5,17.3,-0.3,0.0,-0.4,-0.132,-11.5,-5.4,-16.9,chase-courtney
2021-22,New Mexico State,WAC,5,0,12,15.0,1.5,1.5,1.0,0.0,1.0,0.0,9.2,4.8,0.0,0.0,0.0,0.0,4.2,0.0,0.0,0.0,0.145,-3.5,-0.2,-3.8,cameron-crawford
2021-22,UCLA,Pac-12,1,0,1,0.0,,,,,0.0,0.0,0.0,0.0,0.0,0.0,0.0,,0.0,0.0,0.0,0.0,0.028,-1.4,1.3,-0.1,logan-cremonesi
2021-22,Nebraska,Big Ten,12,0,15,15.9,0.588,0.7,0.2,0.4,5.0,0.0,7.3,3.7,0.0,0.0,0.0,0.0,20.1,0.0,0.0,0.0,0.06,2.5,-2.0,0.5,jackson-cronin
2021-22,South Carolina State,MEAC,30,26,742,9.6,0.478,0.461,0.608,0.165,237.0,3.5,13.8,8.2,6.9,1.6,0.9,15.4,19.7,0.3,1.1,1.4,0.076,-2.3,-1.1,-3.4,omar-croskey
2021-22,SIU-Edwardsville,OVC,2,0,26,10.4,0.464,0.389,0.556,0.667,13.0,8.3,13.3,10.7,40.0,0.0,0.0,29.7,32.0,0.0,0.0,0.0,0.007,-0.7,-3.1,-3.8,carlos-curtis
2021-22,Drake,MVC,8,0,39,8.6,0.457,0.45,0.4,0.2,9.0,0.0,12.7,6.3,4.6,3.1,0.0,8.4,16.1,0.0,0.1,0.1,0.076,-8.0,0.3,-7.8,deven-dahlke
2021-22,Vanderbilt,SEC,3,0,38,3.0,0.323,0.308,0.615,0.154,11.0,3.0,31.1,16.8,20.8,0.0,0.0,22.3,24.1,-0.1,0.1,0.0,-0.037,-5.9,-0.6,-6.5,peyton-daniels
2021-22,Elon,CAA,12,0,31,1.3,0.404,0.5,0.0,0.5,5.0,0.0,3.8,1.9,34.2,0.0,3.8,61.8,11.0,0.0,0.0,0.0,-0.059,-8.8,-4.1,-12.9,ben-daugherty
2021-22,UMBC,AEC,14,0,41,3.4,0.38,0.222,0.444,0.667,11.0,2.9,13.9,8.5,12.5,1.4,0.0,25.2,20.3,-0.1,0.0,0.0,-0.029,-10.4,-3.4,-13.8,brendan-davis
2021-22,Kent State,MAC,7,0,8,27.8,0.667,0.667,0.0,0.0,4.0,0.0,29.1,14.8,33.2,0.0,16.5,25.0,25.7,0.0,0.0,0.0,0.169,-2.2,-0.4,-2.6,mike-digiulio
2021-22,Stony Brook,AEC,18,1,141,10.6,0.382,0.382,0.289,0.0,31.0,3.2,15.2,9.2,10.2,4.6,5.6,15.6,16.4,-0.1,0.2,0.1,0.037,-6.0,3.8,-2.2,mohamed-diallo
2021-22,UT-Martin,OVC,22,7,309,7.9,0.451,0.429,0.78,0.154,90.0,5.4,15.0,10.1,10.7,0.9,1.1,20.4,19.3,-0.1,0.2,0.2,0.021,-2.5,-2.6,-5.1,david-didenko
2021-22,Austin Peay,OVC,5,0,19,4.1,0.808,1.0,0.0,0.5,3.0,11.9,13.4,12.6,0.0,0.0,0.0,44.7,12.3,0.0,0.0,0.0,0.013,-14.7,-3.3,-17.9,assane-diouf
2021-22,Boise State,MWC,7,6,198,12.2,0.435,0.432,0.455,0.242,67.0,7.9,12.3,10.1,12.8,1.6,1.1,13.0,22.8,0.1,0.4,0.5,0.092,1.2,2.1,3.3,devonaire-doutrive
2021-22,Manhattan,MAAC,2,0,4,-15.5,0.0,0.0,1.0,0.0,0.0,0.0,0.0,0.0,0.0,0.0,0.0,0.0,12.6,0.0,0.0,0.0,-0.166,-3.1,-2.4,-5.6,sean-duke
2021-22,California Baptist,WAC,16,0,53,6.6,0.553,0.563,0.25,0.75,14.0,0.0,12.4,6.3,24.8,1.1,5.9,39.2,17.0,0.0,0.1,0.1,0.042,-16.4,-4.0,-20.4,freddie-dybala
2020-21,Northeastern,CAA,16,10,282,8.8,0.556,0.5,0.089,0.378,61.0,5.2,15.3,10.4,4.1,2.7,1.4,29.3,14.2,0.0,0.5,0.4,0.063,-5.1,2.2,-2.9,greg-eboigbodin
2020-21,Missouri State,MVC,6,0,14,4.0,0.333,0.333,0.0,0.0,7.0,36.2,7.6,20.7,13.7,0.0,0.0,25.0,29.9,0.0,0.0,0.0,0.001,-11.6,-11.8,-23.4,melvyn-ebonkoli
2021-22,Seattle,WAC,13,1,157,18.1,0.677,0.686,0.804,0.059,56.0,3.4,9.0,6.2,5.2,1.1,2.9,8.7,17.9,0.4,0.3,0.7,0.18,-1.1,-0.8,-2.0,rip-economou
2021-22,Eastern Washington,Big Sky,8,0,76,5.4,0.401,0.357,0.714,0.143,14.0,6.2,17.3,12.0,6.5,1.5,3.0,25.1,13.0,-0.1,0.1,0.0,0.02,-6.4,-0.5,-6.9,yousef-elkugia
2020-21,Milwaukee,Horizon,1,0,0,,,,,,,,,,,,,,,0.0,0.0,0.0,,0.0,0.0,0.0,tyler-ellingson
2021-22,Marist,MAAC,28,14,516,10.1,0.519,0.5,0.0,0.552,101.0,11.8,16.5,14.2,3.1,1.0,3.9,26.2,10.1,0.3,0.7,1.0,0.08,-3.8,-0.4,-4.1,victor-enoh
2021-22,Little Rock,Sun Belt,4,3,62,0.8,0.349,0.333,0.19,0.048,15.0,3.9,20.1,11.8,7.0,3.8,1.9,31.8,26.7,-0.3,0.1,-0.2,-0.126,-10.4,-1.4,-11.8,alsean-evans
2020-21,St. Francis (NY),NEC,16,2,266,11.8,0.469,0.409,0.409,0.545,60.0,8.4,25.1,16.5,4.1,2.0,5.0,19.0,12.1,0.1,0.3,0.5,0.068,-3.5,-0.9,-4.4,yaradyah-evans
2021-22,College of Charleston,CAA,20,0,101,1.6,0.451,0.368,0.526,0.474,25.0,2.1,10.1,5.9,16.9,1.6,0.0,39.2,17.3,-0.1,0.1,-0.1,-0.025,-6.7,-1.5,-8.2,nikita-evdokimov
2021-22,Western Carolina,Southern,10,0,21,10.1,0.219,0.25,0.0,1.5,5.0,19.8,16.0,18.0,8.5,11.0,0.0,22.6,20.9,-0.1,0.1,0.0,-0.021,-14.5,6.1,-8.4,davion-everett
2021-22,SIU-Edwardsville,OVC,3,0,18,21.3,0.606,0.75,0.0,0.5,4.0,0.0,12.8,6.2,0.0,3.2,13.1,0.0,13.6,0.0,0.0,0.1,0.139,0.0,0.0,0.0,elochukwu-eze
2021-22,Eastern Washington,Big Sky,3,0,17,-7.8,0.0,0.0,0.167,0.0,2.0,0.0,25.7,13.4,26.7,6.6,0.0,25.0,23.3,-0.1,0.0,-0.1,-0.198,-29.2,4.0,-25.2,austin-fadal
2021-22,Arkansas-Pine Bluff,SWAC,2,0,4,43.3,1.017,1.0,0.0,1.0,2.0,0.0,63.3,29.8,0.0,0.0,0.0,0.0,19.0,0.0,0.0,0.0,0.382,8.8,5.2,14.0,amadou-fall
2021-22,ETSU,Southern,2,0,4,-11.8,,,,,0.0,0.0,29.0,14.4,0.0,0.0,0.0,100.0,12.9,0.0,0.0,0.0,-0.242,-14.0,-5.1,-19.0,isaac-farah
2020-21,Portland,WCC,7,1,95,7.9,0.302,0.278,0.056,0.222,18.0,2.4,11.9,6.9,24.1,2.3,3.5,16.7,12.6,-0.1,0.0,-0.1,-0.027,-3.7,-1.5,-5.1,quincy-ferebee
2021-22,Albany (NY),AEC,22,0,131,9.4,0.594,0.545,0.591,0.955,34.0,0.0,8.8,4.2,4.6,0.9,0.0,15.8,15.5,0.2,0.1,0.3,0.087,-4.2,-0.2,-4.4,luke-fizulich
2021-22,Western Illinois,Summit,23,2,291,5.8,0.47,0.44,0.36,0.58,63.0,3.9,9.0,6.3,5.6,1.9,0.3,19.0,13.0,0.0,0.2,0.2,0.034,-7.2,0.0,-7.2,jj-flores
2019-20,Youngstown State,Horizon,14,0,110,8.6,0.4,0.36,0.302,0.279,37.0,6.7,10.3,8.4,3.4,1.6,3.7,12.6,24.6,0.0,0.1,0.1,0.031,-3.5,-1.0,-4.5,tyler-foster
2021-22,Delaware State,MEAC,25,12,656,15.7,0.549,0.5,0.636,0.316,279.0,1.5,7.8,4.7,9.5,1.6,0.2,11.2,24.0,1.3,0.4,1.7,0.104,-0.2,-4.1,-4.3,dominik-fragala
2020-21,Dixie State,WAC,3,0,38,15.6,0.643,0.643,0.357,0.0,12.0,2.8,16.9,9.8,0.0,0.0,0.0,12.5,20.2,0.0,0.0,0.1,0.075,4.7,-0.8,3.9,mikey-frazier
2021-22,Harvard,Ivy,16,1,127,9.5,0.501,0.5,0.743,0.114,37.0,1.7,9.7,5.5,13.4,3.2,0.0,24.5,19.5,-0.1,0.2,0.1,0.046,-5.3,-0.6,-5.9,spencer-freedman
2021-22,Jackson State,SWAC,4,3,65,5.0,0.381,0.346,0.462,0.231,13.0,12.1,5.6,9.0,0.0,0.9,0.0,12.2,13.2,0.0,0.1,0.1,0.035,-5.4,-1.6,-7.0,chris-freeman
2021-22,Weber State,Big Sky,2,0,5,-9.0,0.0,0.0,1.0,0.0,0.0,0.0,23.9,12.3,0.0,0.0,0.0,0.0,10.3,0.0,0.0,0.0,-0.104,,,,jake-furgerson
2021-22,UConn,Big East,5,0,9,-3.7,0.256,0.0,0.0,2.0,2.0,0.0,24.7,12.4,17.0,6.6,0.0,33.9,32.6,-0.1,0.0,0.0,-0.148,-15.7,2.2,-13.5,matt-garry
2021-22,South Carolina State,MEAC,29,0,447,9.4,0.426,0.398,0.624,0.204,170.0,1.7,5.2,3.3,22.4,2.1,0.3,12.4,22.8,0.3,0.6,0.8,0.076,-2.7,-2.3,-5.0,rakeim-gary
2021-22,Montana State,Big Sky,5,0,33,26.7,0.471,0.471,0.765,0.0,20.0,3.8,14.3,9.3,58.0,1.7,3.4,0.0,26.4,0.2,0.1,0.2,0.268,7.2,-3.7,3.5,mareng-gatkuoth
2021-22,St. John's (NY),Big East,4,0,5,17.6,0.508,0.5,0.0,1.0,3.0,20.7,21.4,21.0,0.0,0.0,0.0,0.0,27.4,0.0,0.0,0.0,0.215,-12.4,-2.3,-14.7,artemios-gavalas
2020-21,Washington,Pac-12,1,0,1,0.0,,,,,0.0,0.0,0.0,0.0,0.0,0.0,0.0,,0.0,0.0,0.0,0.0,-0.026,-3.0,1.8,-1.2,jonah-geron
2021-22,UTEP,CUSA,14,0,52,-2.4,0.362,0.318,0.455,0.273,13.0,9.0,16.0,12.5,13.8,0.0,0.0,42.0,21.7,-0.2,0.1,-0.1,-0.086,-17.0,-4.7,-21.6,kezza-giffa
2021-22,Dixie State,WAC,31,14,444,8.4,0.463,0.448,0.642,0.269,110.0,2.9,10.2,6.5,33.9,2.7,0.0,40.3,13.4,-0.2,0.6,0.4,0.038,-4.0,-0.9,-5.0,brock-gilbert
2021-22,Appalachian State,Sun Belt,8,0,34,28.9,0.578,0.636,0.091,0.545,14.0,16.4,13.9,15.2,0.0,1.8,3.4,0.0,21.6,0.1,0.1,0.2,0.222,4.5,-4.5,0.0,sasha-glushkov
2021-22,Seton Hall,Big East,5,0,13,25.9,0.719,0.667,0.0,0.333,5.0,0.0,8.3,4.2,16.2,9.0,0.0,0.0,13.2,0.1,0.0,0.1,0.293,-2.5,16.7,14.2,sylwester-granda
2021-22,Arkansas State,Sun Belt,14,0,76,13.5,0.551,0.523,0.091,0.5,27.0,9.3,13.3,11.3,2.7,0.0,1.4,9.9,20.0,0.1,0.1,0.2,0.123,-3.8,-3.1,-6.9,lazar-grbovic
2020-21,UMass-Lowell,AEC,1,0,2,-39.8,,,,,0.0,0.0,0.0,0.0,0.0,0.0,0.0,100.0,25.7,0.0,0.0,0.0,-0.506,-35.1,-8.5,-43.6,richie-greaves
2021-22,Denver,Summit,24,1,239,14.2,0.589,0.581,0.108,0.649,58.0,6.3,11.4,8.9,4.6,2.4,6.3,17.1,12.9,0.3,0.2,0.5,0.091,-2.0,0.7,-1.4,tristan-green
2020-21,Coastal Carolina,Sun Belt,5,0,18,-0.5,0.202,0.25,0.75,0.5,2.0,0.0,16.7,8.7,8.7,0.0,0.0,0.0,12.8,0.0,0.0,0.0,-0.006,-17.7,3.5,-14.2,mason-grigg
2021-22,Prairie View,SWAC,24,3,306,12.2,0.529,0.605,0.0,0.349,58.0,8.0,16.7,12.5,7.1,2.2,2.1,16.6,9.5,0.2,0.3,0.5,0.071,0.0,-0.1,-0.1,christian-guess
2021-22,UNC Asheville,Big South,12,0,121,11.9,0.528,0.514,0.714,0.171,36.0,1.0,11.2,6.3,9.6,1.9,0.0,11.7,18.4,0.1,0.2,0.3,0.099,-8.0,-2.6,-10.7,jordan-hairston
2021-22,Western Carolina,Southern,5,0,7,-20.7,0.0,0.0,1.0,0.0,1.0,0.0,0.0,0.0,23.5,0.0,0.0,66.7,21.2,-0.1,0.0,-0.1,-0.356,-18.5,-8.8,-27.3,brad-halvorsen
2021-22,North Dakota State,Summit,10,0,29,6.3,0.404,0.375,0.75,0.5,4.0,0.0,15.1,8.0,5.6,2.0,3.4,16.8,10.7,0.0,0.1,0.0,0.05,-5.8,-1.0,-6.7,grayson-haman
2020-21,San Jose State,MWC,6,0,56,3.2,0.388,0.273,0.818,0.364,10.0,0.0,3.6,1.8,9.7,2.0,0.0,13.4,13.2,0.0,0.0,0.0,-0.029,-8.8,-2.9,-11.6,kaison-hammonds
2021-22,BYU,WCC,10,0,17,7.1,0.5,0.5,1.0,0.0,5.0,0.0,0.0,0.0,10.4,0.0,0.0,14.3,20.7,0.0,0.0,0.0,0.047,-4.9,-5.1,-10.0,nate-hansen
2021-22,Cal State Northridge,Big West,30,23,932,13.9,0.46,0.444,0.384,0.159,356.0,1.9,13.8,7.5,22.1,2.9,0.1,14.9,26.3,0.1,0.8,0.9,0.038,-0.8,-2.0,-2.8,elijah-hardy
2021-22,Cal State Northridge,Big West,20,13,458,10.2,0.451,0.442,0.581,0.047,114.0,4.8,13.9,9.1,5.2,0.8,3.6,10.2,17.0,0.1,0.2,0.4,0.033,-1.4,-2.2,-3.6,brendan-harrick
2020-21,North Carolina A&T,MEAC,18,9,363,9.9,0.484,0.411,0.267,0.393,152.0,2.6,10.7,6.5,17.7,2.8,0.3,24.5,27.6,-0.3,0.6,0.3,0.035,-4.9,-2.3,-7.2,blake-harris
2021-22,Sacred Heart,NEC,2,0,16,13.7,0.513,1.0,0.0,2.0,3.0,0.0,7.0,3.5,31.0,7.2,0.0,33.9,9.1,0.0,0.0,0.0,0.079,-24.0,-13.9,-37.9,quest-harris
2021-22,Fordham,A-10,23,2,193,2.8,0.333,0.242,0.273,0.485,31.0,3.3,8.2,5.7,7.9,2.7,1.1,22.8,13.9,-0.3,0.3,0.0,0.008,-7.8,2.2,-5.6,ahmad-harrison
2021-22,William & Mary,CAA,11,0,110,14.4,0.701,0.7,0.0,0.9,21.0,6.1,17.0,11.4,5.5,2.6,10.5,32.9,9.7,0.1,0.2,0.3,0.093,-3.4,3.8,0.4,mehkel-harvey
2021-22,Dixie State,WAC,9,1,27,9.0,0.377,0.286,0.0,0.286,7.0,0.0,23.3,11.7,26.2,0.0,0.0,11.2,15.6,0.0,0.0,0.0,0.061,-11.1,-4.1,-15.2,mark-hatch
2020-21,UC-Davis,Big West,1,0,2,26.6,0.404,0.5,0.0,0.5,1.0,0.0,64.9,31.5,0.0,0.0,0.0,0.0,62.3,0.0,0.0,0.0,-0.04,,,,noah-haynesworth
2021-22,Jacksonville State,A-Sun,15,0,62,11.1,0.38,0.333,0.667,0.667,18.0,7.9,12.3,10.3,24.0,3.8,0.0,24.0,17.4,0.0,0.1,0.1,0.074,-7.9,-1.6,-9.5,semaj-henderson
2020-21,Cal State Northridge,Big West,8,4,192,12.4,0.522,0.469,0.592,0.531,64.0,4.5,10.7,7.4,9.8,2.6,1.2,17.5,19.3,0.2,0.1,0.3,0.056,-2.2,-1.8,-4.0,vante-hendrix
2021-22,Colgate,Patriot,11,1,18,5.6,0.389,0.389,0.444,0.0,6.0,0.0,12.2,6.4,10.7,0.0,5.8,0.0,26.2,0.0,0.0,0.0,0.051,-13.0,-3.1,-16.1,blake-henry
2021-22,Sacramento State,Big Sky,13,3,291,4.5,0.358,0.336,0.288,0.274,66.0,3.2,8.1,5.6,12.6,2.1,0.4,16.2,18.3,-0.4,0.2,-0.2,-0.024,-7.2,-1.7,-8.9,deshaun-highler
2021-22,Niagara,MAAC,1,0,1,0.0,,,,,0.0,0.0,0.0,0.0,0.0,0.0,0.0,,0.0,0.0,0.0,0.0,0.017,-4.0,-3.4,-7.4,tahjae-hill
2020-21,Western Illinois,Summit,20,10,334,16.7,0.49,0.466,0.51,0.145,138.0,5.6,20.3,12.4,4.6,2.1,1.2,7.2,23.4,0.5,0.3,0.8,0.097,1.2,-1.7,-0.5,ramean-hinton
2021-22,Binghamton,AEC,22,5,249,8.4,0.495,0.482,0.5,0.095,86.0,1.8,11.5,6.8,16.9,1.4,0.0,24.2,24.2,-0.1,0.3,0.1,0.02,-7.2,-3.0,-10.3,hakon-hjalmarsson
2021-22,Oregon State,Pac-12,2,0,2,16.5,,,,,0.0,0.0,100.0,60.3,0.0,0.0,0.0,,0.0,0.0,0.0,0.0,0.147,-7.9,7.8,-0.1,dyshawn-hobson
2020-21,UT-Martin,OVC,9,8,289,15.9,0.536,0.487,0.44,0.227,92.0,2.3,9.6,5.7,22.7,2.6,0.0,10.7,16.2,0.6,0.1,0.7,0.093,-0.2,-2.0,-2.2,eden-holt
2021-22,Portland State,Big Sky,2,0,15,0.5,0.25,0.25,0.5,0.0,3.0,0.0,0.0,0.0,11.3,0.0,7.7,0.0,19.4,0.0,0.0,0.0,-0.049,,,,kiimani-holt
2021-22,Kansas State,Big 12,5,0,4,4.2,,,,,0.0,0.0,29.7,14.6,0.0,0.0,0.0,,0.0,0.0,0.0,0.0,0.058,-4.7,2.2,-2.5,drew-honas
2020-21,Georgia,SEC,26,26,738,12.4,0.599,0.581,0.721,0.163,199.0,5.9,7.1,6.5,2.7,1.2,0.8,7.0,12.3,1.6,0.5,2.0,0.11,3.2,0.5,3.6,pj-horne
2021-22,Mississippi Valley State,SWAC,5,4,33,-1.7,0.333,0.333,0.0,0.0,4.0,9.0,14.9,11.6,11.0,0.0,6.0,62.5,11.8,-0.1,0.0,-0.1,-0.102,-12.0,-1.8,-13.8,leeandre-howard
2021-22,Southeastern Louisiana,Southland,5,0,32,10.1,0.5,0.5,0.5,0.0,8.0,3.7,17.9,10.9,0.0,1.7,3.2,16.7,18.2,0.0,0.0,0.0,0.024,2.5,-3.5,-1.0,mckay-howell
2021-22,Omaha,Summit,30,10,556,14.5,0.545,0.512,0.015,0.475,249.0,7.4,17.0,12.0,2.8,1.2,1.2,19.2,27.6,0.4,-0.1,0.2,0.018,-4.3,-4.1,-8.4,darrius-hughes
2021-22,Prairie View,SWAC,17,0,101,2.1,0.449,0.464,0.429,0.571,15.0,1.2,12.1,6.8,3.7,2.2,2.1,33.6,12.8,-0.2,0.1,-0.1,-0.025,-7.2,-0.4,-7.6,jock-hughes
2021-22,High Point,Big South,5,0,27,3.4,0.463,0.5,0.833,0.167,7.0,4.3,8.4,6.3,13.7,0.0,0.0,23.6,16.2,0.0,0.0,0.0,0.015,-1.8,-5.8,-7.6,john-michael-hughes
2021-22,Holy Cross,Patriot,29,5,536,12.5,0.546,0.5,0.662,0.303,162.0,1.9,7.0,4.3,4.9,1.4,1.6,7.8,17.2,0.9,0.4,1.3,0.096,-1.5,-2.2,-3.7,dajion-humphrey
2021-22,Mississippi Valley State,SWAC,25,25,868,9.6,0.434,0.414,0.579,0.18,329.0,2.1,7.8,4.6,13.3,2.2,0.2,11.4,25.6,-0.4,0.1,-0.3,-0.015,-2.2,-4.3,-6.5,caleb-hunter
2021-22,UNLV,MWC,2,0,8,15.6,0.4,0.4,0.6,0.0,4.0,0.0,14.1,7.0,34.6,0.0,0.0,0.0,32.5,0.0,0.0,0.0,0.066,-30.6,-15.6,-46.2,trey-hurlburt
2021-22,Rice,CUSA,9,0,82,1.2,0.327,0.325,0.15,0.15,20.0,1.5,6.7,4.2,25.5,1.4,0.0,24.6,18.0,-0.1,0.0,-0.1,-0.037,-10.0,-2.0,-12.0,noah-hutchins
2021-22,Binghamton,AEC,5,0,9,12.8,0.256,0.0,0.0,2.0,2.0,0.0,0.0,0.0,34.7,6.6,0.0,0.0,11.3,0.0,0.0,0.0,0.101,-3.2,-2.4,-5.6,brett-hutchison
2021-22,Green Bay,Horizon,15,9,397,16.2,0.539,0.46,0.511,0.431,167.0,1.8,19.6,10.2,16.0,1.1,4.3,19.1,27.8,0.4,0.4,0.8,0.077,-0.6,-1.0,-1.6,donovan-ivory
2021-22,UTSA,CUSA,6,0,30,-0.8,0.293,0.318,0.727,0.182,7.0,0.0,11.7,5.3,19.3,0.0,0.0,14.3,22.4,-0.1,0.0,-0.1,-0.082,-12.2,-5.8,-18.0,artan-jabbar
2018-19,SIU-Edwardsville,OVC,13,0,114,12.7,0.523,0.5,0.087,0.696,33.0,9.2,23.3,15.6,5.0,1.0,1.0,16.4,15.5,0.1,0.1,0.2,0.064,-2.2,-1.6,-3.8,dj-jackson
2017-18,UC-Davis,Big West,18,0,205,6.3,0.33,0.333,0.485,0.212,37.0,7.4,11.8,9.7,12.0,2.0,0.6,18.0,11.5,-0.1,0.3,0.2,0.048,-1.9,1.6,-0.3,delveion-jackson
2021-22,North Carolina A&T,Big South,14,0,102,17.6,0.541,0.5,0.206,0.471,43.0,10.6,19.3,14.8,4.2,1.7,1.2,12.6,23.5,0.2,0.1,0.3,0.133,-3.9,-3.5,-7.4,jaylen-jackson
2021-22,Loyola (MD),Patriot,27,0,352,5.2,0.411,0.378,0.514,0.284,69.0,1.7,6.7,4.2,8.2,1.7,0.7,12.5,14.5,-0.1,0.4,0.3,0.034,-5.9,-1.2,-7.0,wade-jackson
2020-21,Utah,Pac-12,1,0,2,53.0,,,,,1.0,0.0,59.6,31.0,77.0,0.0,55.0,,0.0,0.0,0.0,0.0,0.412,24.7,26.9,51.6,jack-jamele
2020-21,Georgia Tech,ACC,4,0,10,6.2,,,,,1.0,12.6,38.4,25.4,0.0,0.0,0.0,,0.0,0.0,0.0,0.0,0.109,-3.8,-0.9,-4.7,jehloni-james
2021-22,Cal State Northridge,Big West,25,14,473,6.4,0.419,0.414,0.342,0.135,101.0,3.8,13.7,8.4,9.0,1.8,0.8,15.7,15.7,-0.2,0.3,0.1,0.007,-6.0,-1.6,-7.6,miles-james
2021-22,Kent State,MAC,12,2,162,11.4,0.496,0.5,0.837,0.061,44.0,4.4,18.0,11.3,3.6,0.0,4.1,10.6,17.9,0.1,0.2,0.4,0.089,-0.4,-1.2,-1.6,dj-johnson
2021-22,Campbell,Big South,1,0,16,-10.1,0.0,0.0,0.75,0.0,0.0,0.0,15.3,7.9,0.0,0.0,0.0,0.0,14.1,-0.1,0.0,-0.1,-0.16,,,,dakari-johnson
2021-22,Illinois State,MVC,11,0,31,9.8,0.375,0.375,0.833,0.0,11.0,11.6,14.7,13.2,11.8,0.0,0.0,7.7,21.3,0.0,0.0,0.0,0.031,5.5,-5.6,0.0,jayden-johnson
2017-18,UNLV,MWC,33,33,1132,17.6,0.598,0.512,0.434,0.628,499.0,1.6,6.9,4.5,28.5,1.9,0.6,19.3,19.2,3.0,1.0,4.0,0.141,3.2,0.1,3.4,jordan-johnson
2017-18,UNLV,MWC,33,33,1132,17.6,0.598,0.512,0.434,0.628,499.0,1.6,6.9,4.5,28.5,1.9,0.6,19.3,19.2,3.0,1.0,4.0,0.141,3.2,0.1,3.4,jordan-johnson
2021-22,Florida,SEC,1,1,0,,,,,,,,,,,,,,,0.0,0.0,0.0,,0.0,0.0,0.0,keyontae-johnson
2021-22,UCF,AAC,4,0,27,7.9,0.462,0.462,0.538,0.0,10.0,4.1,8.5,6.3,7.9,2.2,0.0,18.8,30.1,0.0,0.0,0.0,0.0,2.0,-1.6,0.4,tony-johnsonjr
2019-20,St. Peter's,MAAC,26,1,350,9.0,0.471,0.422,0.723,0.289,86.0,1.6,11.1,6.3,10.6,2.7,0.7,17.5,16.1,0.2,0.6,0.8,0.09,-3.2,1.3,-1.9,cameron-jones
2017-18,Kennesaw State,A-Sun,30,30,661,14.0,0.563,0.547,0.007,0.3,188.0,5.5,20.3,12.8,9.2,1.8,1.4,14.0,14.8,0.8,0.6,1.5,0.088,-2.5,-0.5,-3.0,jordan-jones
2021-22,Jackson State,SWAC,1,0,0,,1.053,,,,,,,,,,,0.0,,0.0,0.0,0.0,,0.0,0.0,0.0,darryl-jordan
2021-22,Milwaukee,Horizon,3,0,25,6.8,0.333,0.333,0.0,0.0,4.0,13.9,33.4,24.2,14.4,0.0,0.0,40.0,10.4,0.0,0.0,0.0,0.034,-6.5,-1.1,-7.5,samba-kane
2021-22,LIU,NEC,30,30,849,16.3,0.556,0.543,0.075,0.336,334.0,9.5,18.0,13.7,6.9,1.3,1.3,17.5,21.8,1.0,1.2,2.2,0.103,-1.9,-2.6,-4.5,isaac-kante
2021-22,North Carolina Central,MEAC,11,0,99,6.7,0.635,0.714,0.0,0.5,21.0,7.0,19.1,13.0,3.7,0.0,2.6,34.2,12.8,0.0,0.2,0.1,0.058,-8.0,-3.7,-11.7,samuel-keita
2021-22,East Carolina,AAC,2,0,1,0.0,,,,,0.0,0.0,0.0,0.0,0.0,0.0,0.0,,0.0,0.0,0.0,0.0,0.002,-5.5,-1.2,-6.7,brenden-kelly
2021-22,Delaware State,MEAC,18,10,321,4.5,0.386,0.381,0.389,0.186,89.0,3.8,14.5,9.3,4.9,1.2,1.2,16.3,22.6,-0.5,0.3,-0.2,-0.03,-6.6,-3.8,-10.4,zach-kent
2021-22,Western Michigan,MAC,15,0,175,6.1,0.46,0.404,0.538,0.885,35.0,2.0,5.3,3.7,6.5,2.7,0.0,19.6,13.9,0.0,0.0,0.0,-0.001,-5.9,-1.1,-7.0,cameron-kimble
2021-22,Middle Tennessee,CUSA,26,0,211,16.6,0.542,0.514,0.652,0.203,73.0,4.0,11.0,7.5,4.7,2.5,1.7,7.3,19.8,0.4,0.3,0.8,0.145,2.0,-0.2,1.8,elias-king
2021-22,California,Pac-12,4,0,26,7.2,0.429,0.429,0.143,0.0,5.0,4.5,13.5,9.0,0.0,0.0,4.3,12.5,16.7,0.0,0.0,0.0,0.019,-3.6,-0.4,-4.0,dimitrios-klonaras
2021-22,Niagara,MAAC,15,0,76,11.3,0.544,0.625,0.0,0.313,19.0,8.1,14.3,11.2,5.5,2.4,0.0,21.4,16.8,0.0,0.1,0.1,0.07,-9.5,-0.3,-9.8,nicholas-kratholm
2021-22,Canisius,MAAC,2,0,12,14.3,0.75,0.75,1.0,0.0,3.0,8.6,20.4,14.0,16.1,0.0,0.0,33.3,12.4,0.0,0.0,0.0,0.097,-4.8,-1.3,-6.1,brandon-kulakowski
2021-22,Longwood,Big South,12,0,51,10.2,0.675,0.556,0.556,0.667,17.0,2.3,14.6,8.2,20.4,0.0,2.5,37.1,18.6,0.1,0.1,0.1,0.092,-8.7,-3.6,-12.3,gakhari-lacount
2021-22,Cal State Fullerton,Big West,19,0,118,7.8,0.494,0.348,0.0,1.043,37.0,11.4,5.2,8.3,1.5,0.0,5.9,22.5,19.5,0.1,0.1,0.2,0.056,-9.0,-1.0,-10.0,lado-laku
2021-22,UIC,Horizon,5,0,39,36.7,0.82,0.769,0.077,0.462,23.0,14.7,21.6,18.1,12.8,1.5,4.9,15.9,24.8,0.2,0.1,0.3,0.303,5.2,2.3,7.5,marcus-larsson
2021-22,Alabama A&M,SWAC,14,0,86,7.8,0.307,0.25,0.0,0.25,16.0,14.6,20.8,17.7,4.7,1.4,7.8,28.1,14.6,-0.1,0.2,0.1,0.025,-8.4,-0.8,-9.2,abba-lawal
2021-22,NJIT,AEC,19,17,560,14.6,0.511,0.496,0.183,0.252,159.0,4.2,17.8,11.0,16.8,3.8,2.7,23.1,18.1,0.1,1.0,1.0,0.074,-3.8,1.3,-2.5,james-lee
2021-22,Troy,Sun Belt,18,9,199,10.6,0.476,0.441,0.441,0.235,48.0,5.7,9.2,7.5,22.9,3.2,1.7,28.4,13.2,0.1,0.4,0.5,0.094,-3.5,2.7,-0.9,jakevan-leftridge
2021-22,New Hampshire,AEC,26,5,247,9.8,0.529,0.5,0.571,0.262,54.0,7.5,4.9,6.2,4.3,1.5,2.4,17.5,12.6,0.3,0.2,0.5,0.078,-2.1,-1.5,-3.5,chris-lester
2021-22,Niagara,MAAC,26,2,211,5.3,0.552,0.583,0.333,0.333,24.0,1.2,10.3,5.8,5.9,2.0,0.5,25.1,7.2,0.0,0.3,0.3,0.056,-5.7,1.1,-4.6,steven-levnaic
2021-22,Chicago State,WAC,6,1,57,5.6,0.358,0.289,0.368,0.368,16.0,3.9,12.6,8.1,7.6,2.1,2.0,15.2,23.5,-0.1,0.0,-0.1,-0.043,-5.3,-1.0,-6.3,andrew-lewis
2020-21,North Texas,CUSA,23,0,212,27.4,0.658,0.625,0.133,0.4,93.0,10.1,20.9,15.8,14.2,3.8,1.1,16.4,22.0,0.8,0.5,1.3,0.247,3.9,3.1,7.0,terence-lewisii
2021-22,Alabama State,SWAC,26,20,726,14.4,0.51,0.472,0.221,0.451,262.0,6.1,16.6,11.4,11.9,1.9,3.9,17.0,21.0,0.7,0.8,1.4,0.079,-1.4,-0.9,-2.3,gerald-liddell
2021-22,Colgate,Patriot,16,1,42,6.1,0.504,0.4,0.0,0.4,8.0,0.0,18.3,9.6,14.9,1.4,0.0,33.5,11.2,0.0,0.1,0.1,0.054,-8.7,-0.9,-9.6,zach-light
2021-22,Maryland-Eastern Shore,MEAC,21,19,622,15.8,0.557,0.515,0.593,0.395,212.0,3.0,10.7,6.7,14.8,2.3,0.8,11.6,17.8,1.2,1.1,2.3,0.148,0.4,-0.4,0.0,dom-london
2021-22,American,Patriot,1,0,1,0.0,,,,,0.0,0.0,0.0,0.0,0.0,0.0,0.0,,0.0,0.0,0.0,0.0,-0.004,-3.2,-3.1,-6.3,christian-lorng
2019-20,Grambling,SWAC,2,0,7,4.0,0.333,0.333,0.667,0.0,2.0,0.0,32.5,16.6,0.0,0.0,0.0,0.0,21.0,0.0,0.0,0.0,0.028,-22.2,-6.9,-29.1,david-loville
2021-22,McNeese State,Southland,10,0,53,12.6,0.324,0.357,0.0,0.214,13.0,16.1,6.3,11.3,6.3,7.1,2.0,20.6,16.7,-0.1,0.1,0.0,0.037,2.2,-1.3,0.9,jonathan-lucas
2020-21,Campbell,Big South,8,0,24,5.6,0.169,0.0,0.5,1.0,3.0,5.7,21.1,13.7,13.1,2.5,0.0,0.0,6.9,0.0,0.0,0.0,0.064,-5.5,0.7,-4.8,ethan-lynch
2021-22,Niagara,MAAC,19,0,170,10.7,0.42,0.377,0.557,0.197,56.0,2.9,9.2,6.1,11.9,1.8,0.0,5.7,22.7,0.1,0.2,0.3,0.063,-3.7,-2.6,-6.3,julian-mackey
2020-21,Tarleton State,WAC,12,1,73,22.9,0.473,0.438,0.063,0.469,35.0,6.7,11.7,9.2,11.6,7.1,6.2,11.3,31.1,0.1,0.2,0.3,0.17,9.7,10.8,20.5,joey-madimba
2021-22,Green Bay,Horizon,6,0,34,13.1,0.39,0.308,0.385,0.385,13.0,18.0,16.1,17.1,0.0,0.0,0.0,6.1,26.0,0.0,0.0,0.0,0.035,0.2,-5.5,-5.3,tutu-majok
2021-22,Northern Illinois,MAC,21,1,145,11.0,0.568,0.5,0.5,0.591,34.0,7.2,13.9,10.5,5.4,1.2,3.2,15.1,11.9,0.2,0.1,0.3,0.096,-3.1,-0.1,-3.2,edward-manuel
2021-22,Chicago State,WAC,7,0,65,3.2,0.276,0.278,0.667,0.222,13.0,10.4,5.5,8.0,3.2,1.8,3.5,13.1,17.9,-0.1,0.0,-0.1,-0.069,-4.3,-3.0,-7.3,carlo-marble
2021-22,South Carolina,SEC,31,1,367,9.9,0.467,0.453,0.108,0.149,83.0,8.4,14.0,11.2,9.2,1.7,1.2,21.0,12.9,0.1,0.5,0.7,0.071,-1.9,1.9,0.0,brandon-martin
2021-22,North Alabama,A-Sun,20,0,179,14.3,0.53,0.512,0.756,0.122,50.0,7.9,17.3,12.3,9.4,2.2,2.4,15.6,14.1,0.2,0.3,0.6,0.132,-3.5,-0.5,-4.0,aleksa-matic
2021-22,UNC,ACC,7,1,14,-6.5,0.0,0.0,0.333,0.0,1.0,8.0,15.2,11.7,0.0,4.1,0.0,25.0,14.0,-0.1,0.0,0.0,-0.114,-11.8,0.5,-11.3,ryan-mcadoo
2021-22,Prairie View,SWAC,8,0,54,-3.2,0.288,0.25,0.167,0.333,10.0,2.2,2.1,2.1,17.3,1.0,0.0,30.2,17.8,-0.2,0.0,-0.1,-0.106,-8.0,-4.3,-12.4,miles-mcdougal
2021-22,Rider,MAAC,16,1,106,10.1,0.505,0.413,0.348,0.522,31.0,9.2,10.5,9.9,6.9,2.8,0.0,23.9,17.9,0.0,0.1,0.2,0.067,-2.4,0.6,-1.8,jaelen-mcglone
2021-22,North Dakota,Summit,1,0,27,0.0,,,,,0.0,0.0,0.0,0.0,0.0,0.0,0.0,,0.0,0.0,0.0,0.0,-0.026,-3.0,-2.7,-5.7,gavin-mcgrath
2020-21,James Madison,CAA,5,0,8,19.9,0.4,0.4,0.2,0.0,3.0,0.0,27.1,13.4,0.0,6.9,0.0,0.0,30.0,0.0,0.0,0.0,0.108,-4.2,-1.1,-5.2,tyce-mcnair
2021-22,Radford,Big South,25,3,386,6.6,0.427,0.407,0.431,0.138,104.0,0.9,13.2,6.7,9.7,2.1,0.0,17.6,21.8,-0.4,0.4,0.1,0.005,-6.0,-1.3,-7.3,camron-mcneil
2021-22,UC-Riverside,Big West,3,0,24,0.1,0.251,0.222,0.333,0.222,7.0,10.3,19.0,14.8,24.1,2.5,0.0,23.2,29.4,-0.1,0.1,0.0,-0.083,-12.0,-3.5,-15.5,angus-mcwilliam
2021-22,San Jose State,MWC,2,0,24,17.8,0.333,0.333,0.667,0.0,11.0,9.8,15.1,12.4,57.6,5.0,0.0,18.2,24.7,0.0,0.0,0.0,0.069,-20.1,-4.5,-24.5,sebastian-mendoza
2021-22,Elon,CAA,13,1,25,2.6,0.3,0.0,1.0,1.4,5.0,0.0,14.1,7.0,0.0,2.4,0.0,0.0,17.5,0.0,0.0,0.0,-0.015,-9.5,-2.5,-12.0,charles-mendys
2021-22,Maryland-Eastern Shore,MEAC,26,0,208,12.6,0.498,0.495,0.802,0.052,80.0,4.2,12.8,8.3,2.3,2.2,1.2,10.9,26.2,0.1,0.4,0.5,0.093,-2.7,-3.3,-6.0,mike-mensah
2021-22,Brown,Ivy,19,3,153,11.1,0.49,0.441,0.176,0.676,46.0,4.4,16.0,10.1,10.9,3.4,1.5,23.8,19.2,0.0,0.3,0.2,0.065,-5.3,0.6,-4.7,noah-meren
2021-22,Austin Peay,OVC,13,1,143,11.8,0.493,0.451,0.585,0.341,43.0,5.6,20.5,12.6,4.5,0.8,6.8,12.8,19.9,0.1,0.2,0.3,0.086,-3.6,-0.5,-4.1,corbin-merritt
2021-22,Indiana State,MVC,9,0,44,4.6,0.4,0.4,0.0,0.0,6.0,0.0,18.2,9.4,16.0,3.9,0.0,50.0,12.0,-0.1,0.1,0.0,-0.017,-6.2,2.9,-3.4,sam-mervis
2021-22,Wagner,NEC,11,1,153,14.3,0.526,0.517,0.0,0.379,44.0,9.2,11.5,10.3,16.9,2.7,0.0,18.9,13.8,0.2,0.3,0.5,0.139,-3.0,0.8,-2.2,ashton-miller
2020-21,Eastern Illinois,OVC,1,0,1,-45.4,0.0,0.0,0.0,0.0,0.0,0.0,0.0,0.0,0.0,0.0,0.0,0.0,49.7,0.0,0.0,0.0,-0.719,-36.0,-23.8,-59.8,isaac-miller
2020-21,Washington State,Pac-12,10,0,109,1.2,0.288,0.217,0.217,0.913,26.0,10.3,16.7,13.5,12.2,0.5,1.0,25.0,20.3,-0.3,0.2,-0.1,-0.04,-6.4,0.2,-6.2,tony-miller
2020-21,Coastal Carolina,Sun Belt,5,0,20,16.3,0.9,0.9,0.8,0.0,6.0,0.0,0.0,0.0,0.0,2.8,0.0,28.6,16.3,0.0,0.0,0.1,0.113,-21.5,-13.3,-34.8,jalen-milner
2021-22,Portland,WCC,11,0,68,1.0,0.303,0.208,0.5,0.5,10.0,1.7,20.4,11.5,7.4,2.5,0.0,28.8,15.3,-0.2,0.1,-0.1,-0.03,-10.1,-0.5,-10.5,nikola-milosevic
2021-22,Eastern Kentucky,A-Sun,12,1,57,-0.8,0.188,0.188,0.5,0.0,5.0,0.0,10.4,4.7,10.3,2.9,0.0,27.3,9.0,-0.1,0.1,0.0,-0.025,-13.2,-1.9,-15.1,isaiah-minter
2021-22,UMass,A-10,16,1,126,9.2,0.472,0.429,0.143,0.286,24.0,5.4,6.8,6.1,17.5,4.6,0.0,36.1,10.0,0.0,0.1,0.1,0.027,-3.7,2.1,-1.6,kolton-mitchell
2021-22,Bethune-Cookman,SWAC,12,0,56,1.6,0.339,0.25,0.25,1.0,5.0,4.1,13.4,8.5,3.1,1.1,0.0,33.7,8.2,-0.1,0.0,0.0,-0.017,-6.8,-1.8,-8.6,matthew-mondesir
2021-22,Western Carolina,Southern,23,0,210,9.9,0.485,0.434,0.358,0.434,62.0,8.4,11.2,9.8,2.8,1.1,0.0,14.7,17.7,0.2,0.0,0.2,0.033,-4.6,-3.1,-7.7,madison-monroe
2021-22,Stephen F. Austin,WAC,3,0,12,36.4,0.672,0.6,0.2,0.4,7.0,0.0,39.0,19.7,19.3,4.6,0.0,0.0,23.7,0.1,0.0,0.1,0.381,37.1,10.1,47.3,jules-moor
2018-19,Wichita State,AAC,4,0,20,-1.2,0.303,0.25,0.25,0.5,4.0,15.8,0.0,8.2,0.0,0.0,0.0,28.8,17.0,0.0,0.0,0.0,-0.062,-7.0,-4.1,-11.1,chance-moore
2021-22,Charleston Southern,Big South,21,4,197,12.6,0.603,0.619,0.881,0.262,55.0,5.9,13.7,9.6,8.0,0.9,0.6,12.9,13.5,0.4,0.1,0.4,0.091,-0.1,-2.6,-2.7,jamir-moore
2021-22,Alcorn State,SWAC,5,0,52,8.8,0.396,0.333,0.167,0.333,12.0,4.2,7.0,5.5,11.1,4.5,0.0,17.8,16.1,0.0,0.1,0.0,0.033,-5.0,0.3,-4.7,marco-morency
2021-22,Notre Dame,ACC,6,0,14,40.5,0.619,0.0,0.0,3.0,9.0,9.1,16.2,12.8,44.4,8.7,0.0,17.1,22.9,0.1,0.0,0.1,0.383,13.6,14.9,28.5,elijah-morgan
2021-22,McNeese State,Southland,9,0,209,6.3,0.465,0.464,0.657,0.157,68.0,1.5,9.6,5.5,13.4,2.1,1.0,24.9,21.8,-0.2,0.2,0.1,0.01,-2.6,-1.6,-4.2,tj-moss
2021-22,Southern Utah,Big Sky,10,0,52,12.2,0.354,0.375,0.0,0.5,11.0,17.7,15.5,16.6,0.0,1.1,8.6,9.2,10.4,0.0,0.1,0.1,0.09,-6.5,-0.5,-6.9,malik-muhammad
2021-22,UC-Davis,Big West,24,0,262,10.1,0.527,0.514,0.027,0.595,57.0,10.8,17.3,14.1,2.1,1.1,1.3,15.9,11.2,0.3,0.4,0.7,0.11,-4.0,0.0,-4.0,aaron-murphy
2021-22,NJIT,AEC,10,0,37,21.2,0.415,0.429,0.0,0.429,16.0,15.2,15.3,15.3,13.6,1.6,6.3,5.6,25.6,0.0,0.0,0.1,0.09,-0.5,-3.5,-3.9,jason-murphy
2021-22,New Orleans,Southland,28,1,355,13.4,0.59,0.578,0.0,0.301,111.0,6.4,14.3,10.6,8.1,1.8,2.1,18.8,15.6,0.5,0.5,1.0,0.113,-3.2,0.1,-3.1,jahmel-myers
2021-22,Iona,MAAC,33,1,517,8.2,0.466,0.445,0.538,0.208,162.0,1.5,9.2,5.4,11.5,1.2,0.8,13.6,20.9,0.2,0.6,0.8,0.06,-2.6,-0.9,-3.4,ryan-myers
2021-22,Northern Illinois,MAC,7,0,21,19.3,0.37,0.5,0.0,5.0,7.0,21.9,34.0,27.9,0.0,2.8,0.0,0.0,16.7,0.0,0.0,0.1,0.118,3.1,-2.4,0.6,montavious-myrick
2021-22,NJIT,AEC,2,0,7,-22.5,0.0,0.0,0.333,0.0,0.0,0.0,0.0,0.0,0.0,0.0,0.0,0.0,22.8,-0.1,0.0,-0.1,-0.332,-20.6,-10.2,-30.9,jacob-mansson
2020-21,Georgia,SEC,14,0,93,8.8,0.479,0.479,0.625,0.0,22.0,5.8,16.5,11.1,3.6,1.1,3.3,20.0,14.7,0.0,0.1,0.1,0.042,0.3,0.2,0.5,jonathan-ned
2020-21,South Carolina State,MEAC,13,0,100,2.9,0.43,0.413,0.13,0.13,19.0,4.2,13.6,8.6,0.0,1.1,0.0,24.7,15.8,-0.1,0.0,-0.1,-0.043,-7.8,-4.0,-11.8,quamain-nelson
2021-22,Central Connecticut,NEC,18,7,283,0.1,0.305,0.265,0.469,0.235,56.0,1.6,5.2,3.3,9.0,1.9,0.0,13.5,19.5,-0.6,0.1,-0.5,-0.074,-9.0,-3.1,-12.1,zach-newkirk
2021-22,Oakland,Horizon,14,1,52,20.7,0.551,0.571,0.071,0.214,19.0,6.8,8.7,7.7,27.6,5.6,0.0,16.3,17.7,0.1,0.1,0.2,0.159,-9.7,2.5,-7.2,emmanuel-newsome
2020-21,Fairfield,MAAC,22,2,257,11.8,0.399,0.412,0.235,0.147,74.0,13.9,24.6,19.2,17.0,1.7,2.1,22.4,19.5,-0.1,0.4,0.3,0.049,-2.7,-1.3,-4.0,tshiefu-ngalakulondi
2021-22,Florida Atlantic,CUSA,32,0,206,17.2,0.48,0.444,0.111,0.19,70.0,14.0,15.0,14.5,2.8,2.3,1.6,6.8,18.0,0.4,0.3,0.7,0.139,0.9,0.1,1.0,madiaw-niang
2021-22,LIU,NEC,9,1,32,8.3,0.688,0.688,0.75,0.0,9.0,0.0,0.0,0.0,11.4,1.7,3.4,33.3,17.6,0.0,0.0,0.0,0.026,-8.0,-3.7,-11.8,devin-nicholson
2021-22,Lamar,WAC,15,5,253,17.6,0.552,0.559,0.0,0.279,86.0,16.0,21.2,18.5,5.6,0.7,6.3,23.8,20.3,0.2,0.2,0.4,0.06,-1.6,-2.2,-3.8,corey-nickerson
2021-22,Virginia,ACC,2,0,4,-8.4,0.0,0.0,0.0,0.0,0.0,0.0,31.4,16.0,0.0,0.0,0.0,0.0,14.6,0.0,0.0,0.0,-0.145,-17.4,-4.2,-21.6,jayden-nixon
2021-22,Weber State,Big Sky,6,0,26,3.6,0.203,0.0,0.286,0.857,5.0,9.7,27.5,18.9,0.0,2.2,4.4,9.2,21.6,-0.1,0.1,0.0,-0.055,-12.4,-10.3,-22.7,david-nzekwesi
2020-21,Chattanooga,Southern,3,0,21,15.7,0.396,0.375,0.25,0.333,12.0,16.5,5.7,11.2,10.7,2.8,0.0,6.7,37.0,0.0,0.0,0.0,0.065,-16.9,-23.8,-40.7,prosper-obidiebube
2021-22,Loyola (MD),Patriot,1,1,4,-32.1,0.0,0.0,0.0,0.0,0.0,0.0,0.0,0.0,0.0,0.0,0.0,50.0,26.6,0.0,0.0,0.0,-0.432,-32.6,-10.5,-43.0,casmir-ochiaka
2021-22,Purdue-Fort Wayne,Horizon,5,0,30,31.1,0.859,0.9,0.6,0.1,12.0,0.0,8.5,4.2,8.1,3.8,4.0,8.7,19.9,0.1,0.1,0.2,0.227,1.9,1.7,3.6,rj-ogom
2021-22,Pacific,WCC,14,0,40,1.3,0.0,,,,2.0,0.0,15.8,7.5,21.2,2.9,6.1,80.8,6.4,-0.1,0.1,0.0,-0.02,-10.8,4.6,-6.2,gabe-oliveira
2021-22,Old Dominion,CUSA,32,11,562,4.9,0.401,0.365,0.629,0.315,92.0,3.0,9.6,6.3,10.1,1.6,0.9,19.6,11.7,-0.2,0.5,0.4,0.025,-4.9,0.7,-4.2,aj-oliverii
2020-21,Minnesota,Big Ten,7,0,69,17.9,0.609,0.571,0.0,0.857,15.0,5.8,19.3,12.2,16.1,7.4,4.3,23.3,9.0,0.1,0.2,0.3,0.17,-3.4,9.6,6.1,jarvis-omersa
2021-22,Holy Cross,Patriot,3,0,8,23.7,0.5,0.5,0.0,0.0,3.0,13.8,0.0,7.2,52.8,0.0,0.0,0.0,12.8,0.0,0.0,0.0,0.18,-10.0,-6.8,-16.7,tomer-oron
2021-22,Penn State,Big Ten,2,0,3,-39.5,0.0,0.0,0.0,0.0,0.0,0.0,0.0,0.0,0.0,21.2,0.0,33.3,55.6,-0.1,0.0,-0.1,-0.694,-47.2,4.4,-42.8,irekefe-oweh
2021-22,Jacksonville State,A-Sun,28,1,321,17.0,0.554,0.544,0.368,0.561,88.0,7.7,17.3,12.8,10.0,2.4,4.6,15.3,13.8,0.5,0.6,1.1,0.142,0.8,2.5,3.3,jay-pal
2021-22,Milwaukee,Horizon,5,0,7,-5.1,0.0,0.0,0.0,0.0,0.0,0.0,44.7,23.5,24.0,0.0,0.0,50.0,14.9,0.0,0.0,0.0,-0.123,-19.5,-3.2,-22.8,nick-pappas
2021-22,Florida International,CUSA,9,0,41,23.8,0.707,0.75,0.083,0.75,18.0,2.8,5.5,4.2,6.0,4.2,0.0,15.6,23.9,0.1,0.1,0.2,0.169,-8.2,-4.0,-12.2,daniel-parrish
2020-21,Kansas City,Summit,8,0,74,10.5,0.553,0.553,0.526,0.0,21.0,0.0,16.0,8.0,17.3,0.8,1.9,20.8,17.6,0.0,0.1,0.2,0.093,6.3,-3.0,3.3,paxton-payne
2021-22,Kentucky,SEC,9,0,13,19.8,0.506,0.333,0.5,0.667,7.0,0.0,17.1,8.8,0.0,4.4,0.0,11.2,33.4,0.0,0.0,0.1,0.182,-3.9,3.9,0.1,zan-payne
2021-22,Pitt,ACC,13,0,40,13.0,0.673,0.75,0.167,0.5,11.0,12.3,18.5,15.4,17.6,1.6,3.2,40.2,16.8,0.0,0.0,0.0,0.047,-1.8,2.3,0.4,chris-payton
2021-22,Washington,Pac-12,6,0,9,25.9,0.75,0.75,0.75,0.0,5.0,0.0,13.0,6.2,28.3,6.3,0.0,33.3,32.8,0.0,0.0,0.0,0.147,10.3,4.4,14.7,dominiq-penn
2021-22,Fairleigh Dickinson,NEC,9,0,23,12.6,0.769,1.0,0.0,2.0,5.0,23.6,0.0,12.2,0.0,2.5,0.0,33.9,6.4,0.0,0.0,0.0,0.074,-2.6,-5.8,-8.5,robby-phillips
2020-21,Nebraska,Big Ten,10,0,18,10.4,1.026,1.5,1.0,2.0,3.0,5.9,5.9,5.9,0.0,0.0,0.0,33.9,8.0,0.0,0.0,0.0,0.059,1.3,0.4,1.7,jace-piatkowski
2020-21,Detroit,Horizon,2,0,4,14.7,0.5,0.5,0.0,0.0,1.0,0.0,0.0,0.0,0.0,0.0,0.0,0.0,26.1,0.0,0.0,0.0,0.029,-4.3,-6.1,-10.4,jamail-pink
2021-22,Houston Baptist,Southland,4,0,17,19.6,0.3,0.3,0.1,0.0,8.0,33.4,36.2,34.7,12.5,0.0,6.5,0.0,28.2,0.0,0.0,0.0,0.088,25.6,-16.5,9.1,collin-plummer
2020-21,Chicago State,WAC,6,4,150,7.8,0.501,0.488,0.262,0.095,40.0,2.9,6.6,4.7,7.1,1.1,1.4,17.0,18.2,0.0,-0.2,-0.3,-0.067,-2.9,-4.2,-7.1,jordan-polynice
2021-22,Rider,MAAC,27,0,316,8.0,0.468,0.443,0.483,0.092,76.0,2.1,8.8,5.4,5.5,1.3,0.8,13.4,16.7,0.0,0.3,0.3,0.04,-2.6,-1.2,-3.8,jeremiah-pope
2021-22,Bethune-Cookman,SWAC,8,0,15,5.6,0.6,0.6,0.2,0.0,4.0,0.0,8.3,4.0,0.0,0.0,0.0,28.6,24.1,0.0,0.0,0.0,-0.035,-9.1,-4.4,-13.5,shakur-poteat
2021-22,Northwestern State,Southland,9,0,49,8.8,0.625,0.625,0.667,0.0,12.0,0.0,4.5,2.2,7.1,0.0,2.0,20.0,14.6,0.0,0.0,0.0,0.02,-0.3,-3.3,-3.6,jordan-potts
2021-22,UC-San Diego,Big West,7,1,44,13.0,0.468,0.429,0.143,0.143,14.0,0.0,16.2,8.3,14.8,1.3,0.0,6.3,19.4,0.0,0.0,0.1,0.068,-3.9,-2.0,-5.9,justin-pratt
2021-22,North Carolina Central,MEAC,14,0,219,14.5,0.474,0.476,0.512,0.012,74.0,4.8,8.1,6.4,9.4,3.9,1.2,10.6,20.8,0.2,0.4,0.6,0.11,-1.3,-1.0,-2.3,asanti-price
2021-22,Charleston Southern,Big South,20,11,407,13.4,0.572,0.56,0.12,0.554,132.0,6.5,17.2,11.6,18.6,3.0,1.3,31.4,18.4,0.1,0.5,0.6,0.055,-4.7,-1.6,-6.3,sean-price
2021-22,Hawaii,Big West,9,0,15,-10.9,0.0,0.0,0.25,0.5,1.0,16.8,23.4,20.2,0.0,0.0,0.0,0.0,17.5,-0.1,0.0,0.0,-0.129,-17.3,-4.9,-22.3,jaka-prevodnik
2021-22,Alabama,SEC,3,0,3,-37.9,0.0,0.0,0.0,1.5,1.0,35.2,71.1,53.1,48.5,0.0,0.0,22.6,68.0,-0.1,0.0,-0.1,-0.757,-42.3,-15.7,-58.0,jaden-quinerly
2021-22,Idaho,Big Sky,24,6,412,4.5,0.469,0.46,0.839,0.034,78.0,0.6,5.3,2.9,6.1,0.5,0.0,11.9,12.3,0.0,0.0,0.0,0.001,-3.0,-3.2,-6.2,gabe-quinnett
2021-22,Texas Southern,SWAC,30,12,522,12.1,0.493,0.461,0.113,0.383,142.0,9.2,18.9,14.2,6.2,1.0,2.2,18.6,15.6,0.3,1.0,1.4,0.104,-2.6,0.2,-2.4,yahuza-rasas
2021-22,Texas A&M-Corpus Christi,Southland,4,0,30,24.7,0.503,0.462,0.154,0.308,15.0,7.3,26.5,16.7,28.3,5.5,0.0,16.8,28.0,0.1,0.1,0.1,0.178,2.7,10.8,13.6,donovan-ray
2021-22,Eastern Kentucky,A-Sun,5,0,6,-20.9,0.3,0.3,0.8,0.0,2.0,0.0,0.0,0.0,0.0,0.0,0.0,16.7,46.9,0.0,0.0,0.0,-0.281,-30.9,0.5,-30.3,jordan-reeves-young
2021-22,Long Beach State,Big West,21,0,94,-1.0,0.402,0.357,0.571,1.071,19.0,6.1,8.7,7.4,3.6,1.2,0.0,36.2,17.3,-0.2,0.1,-0.1,-0.06,-9.3,-2.0,-11.2,rj-rhoden
2021-22,UCF,AAC,1,0,0,,,,,,,,,,,,,,,0.0,0.0,0.0,,0.0,0.0,0.0,edxavior-rhodes
2021-22,Delaware State,MEAC,17,0,189,9.0,0.467,0.464,0.571,0.31,47.0,1.8,8.4,5.2,15.5,1.8,0.0,14.2,14.6,0.1,0.1,0.2,0.045,-4.6,-4.1,-8.7,avery-richardson
2021-22,LIU,NEC,26,8,667,11.1,0.529,0.523,0.729,0.245,184.0,1.9,13.0,7.5,17.0,1.5,1.2,15.6,14.5,0.7,0.8,1.5,0.091,-1.8,-0.6,-2.4,alex-rivera
2021-22,Chicago State,WAC,12,0,95,11.6,0.443,0.389,0.333,0.185,29.0,10.6,15.1,12.8,11.9,3.2,0.0,19.2,19.5,0.0,0.1,0.1,0.034,-3.5,-0.4,-3.9,jincho-rivera
2021-22,Lamar,WAC,27,20,775,13.2,0.484,0.442,0.314,0.329,343.0,1.7,8.0,4.7,20.3,2.2,1.0,16.5,29.5,0.3,0.4,0.7,0.035,-1.5,-2.6,-4.1,cj-roberts
2021-22,Northern Arizona,Big Sky,6,0,27,23.0,0.63,0.6,0.0,0.4,12.0,0.0,22.0,10.6,9.9,2.2,0.0,7.8,24.4,0.1,0.0,0.1,0.17,6.1,4.7,10.8,spencer-roberts
2021-22,Stetson,A-Sun,5,0,14,35.1,0.653,0.571,0.714,0.429,9.0,16.3,0.0,8.3,0.0,0.0,8.4,10.6,34.5,0.1,0.0,0.1,0.239,4.2,-4.0,0.2,davante-robinson
2021-22,Florida Gulf Coast,A-Sun,6,0,45,24.6,0.569,0.525,1.0,0.3,24.0,5.1,21.6,13.5,12.7,1.3,0.0,4.2,26.1,0.2,0.0,0.2,0.216,-6.7,-2.2,-8.9,victor-rosa
2021-22,St. John's (NY),Big East,4,0,4,27.5,,,,,1.0,0.0,53.4,26.3,33.3,0.0,26.8,,0.0,0.0,0.0,0.0,0.227,9.8,14.8,24.6,jalen-rosemond
2021-22,USC,Pac-12,1,0,1,199.1,1.5,1.5,1.0,0.0,3.0,0.0,100.0,100.0,0.0,0.0,0.0,0.0,50.5,0.1,0.0,0.1,2.602,93.9,45.2,139.1,amar-ross
2021-22,Milwaukee,Horizon,12,0,18,17.8,0.625,0.625,0.25,0.0,4.0,6.4,17.4,12.2,0.0,3.3,6.2,20.0,14.5,0.0,0.0,0.0,0.102,1.9,1.2,3.1,kyle-ross
2021-22,Eastern Washington,Big Sky,2,2,20,-2.8,0.2,0.2,0.2,0.0,3.0,0.0,10.9,5.7,24.6,0.0,0.0,16.7,14.9,0.0,0.0,0.0,-0.06,-10.1,-2.1,-12.2,casson-rouse
2020-21,UCSB,Big West,2,0,10,55.3,1.013,1.0,0.0,0.667,6.0,25.6,12.1,18.6,0.0,0.0,21.7,20.2,26.0,0.1,0.0,0.1,0.423,,,,niko-rocak
2021-22,Mississippi State,SEC,5,0,8,17.2,0.75,0.75,1.0,0.0,2.0,0.0,15.0,7.6,0.0,0.0,0.0,0.0,12.8,0.0,0.0,0.0,0.163,4.2,0.9,5.2,justin-rumph
2021-22,Buffalo,MAC,10,0,26,28.9,0.668,0.692,0.769,0.077,17.0,12.1,27.5,19.9,32.5,0.0,0.0,18.2,29.3,0.1,0.0,0.2,0.257,0.4,0.6,1.0,lucas-saleh
2021-22,UNC Wilmington,CAA,14,0,63,7.4,0.492,0.3,0.2,2.6,12.0,5.3,19.1,12.0,0.0,0.0,3.4,15.2,10.9,0.0,0.1,0.1,0.071,-7.1,-1.4,-8.4,khadim-samb
2021-22,William & Mary,CAA,3,0,7,-8.8,,,,,0.0,0.0,16.7,8.1,0.0,0.0,0.0,100.0,7.2,0.0,0.0,0.0,-0.124,-15.0,-5.4,-20.4,kurt-samuelsjr
2020-21,Cleveland State,Horizon,11,0,36,16.2,0.633,0.667,0.0,0.667,9.0,6.6,9.6,8.1,5.3,6.6,0.0,11.2,12.7,0.1,0.1,0.1,0.163,-5.4,8.0,2.6,jeremy-sanchez
2021-22,Maryland-Eastern Shore,MEAC,1,0,6,-17.6,0.0,0.0,0.0,0.0,0.0,0.0,0.0,0.0,0.0,0.0,0.0,50.0,16.5,0.0,0.0,0.0,-0.25,-16.9,-6.9,-23.7,lamont-sanders
2021-22,Eastern Illinois,OVC,27,2,355,2.3,0.373,0.295,0.288,0.37,62.0,1.4,7.7,4.6,4.4,0.8,0.0,14.9,15.3,-0.4,0.0,-0.4,-0.044,-6.7,-3.2,-10.0,micah-schnyders
2021-22,Long Beach State,Big West,24,0,200,3.6,0.445,0.426,0.176,0.471,38.0,3.4,12.9,8.1,5.4,0.8,0.0,23.8,13.4,-0.1,0.2,0.0,0.008,-5.4,-1.5,-7.0,eddie-scott
2021-22,UC-Davis,Big West,4,0,17,35.0,0.847,1.0,0.0,1.0,8.0,6.9,20.0,13.6,15.2,0.0,6.4,14.5,21.1,0.1,0.0,0.1,0.281,-12.1,-3.9,-16.0,bj-shaw
2021-22,Detroit,Horizon,15,3,143,7.3,0.438,0.379,0.379,0.379,31.0,5.9,14.1,9.9,2.5,0.9,0.9,12.7,14.6,0.0,0.1,0.1,0.029,-5.8,-1.8,-7.6,jeramy-shaw
2021-22,Portland,WCC,27,3,210,17.7,0.581,0.57,0.0,0.304,97.0,12.8,12.2,12.5,5.7,0.3,4.7,18.1,26.2,0.3,0.3,0.6,0.108,-2.1,-1.4,-3.5,matheus-silveira
2021-22,St. Peter's,MAAC,19,1,165,3.5,0.367,0.349,0.326,0.093,38.0,7.1,9.7,8.4,10.8,3.3,0.7,28.6,19.7,-0.3,0.3,0.0,-0.004,-7.7,1.5,-6.2,marty-silvera
2021-22,San Jose State,MWC,23,6,285,5.9,0.45,0.434,0.59,0.197,61.0,4.6,8.5,6.5,5.5,1.3,1.1,17.3,15.3,-0.1,0.1,0.0,-0.002,-4.8,-2.1,-6.9,caleb-simmons
2021-22,Northwestern,Big Ten,27,7,312,8.4,0.463,0.444,0.254,0.349,74.0,6.3,8.7,7.4,7.3,2.2,0.8,17.9,14.7,0.0,0.4,0.4,0.053,-3.1,1.3,-1.7,casey-simmons
2021-22,Samford,Southern,10,0,42,5.4,0.209,0.083,0.333,0.417,9.0,8.3,30.2,19.3,11.2,2.7,0.0,6.5,18.0,-0.1,0.1,0.0,-0.002,-6.3,0.4,-5.9,angel-smith
2020-21,Pitt,ACC,3,0,4,-7.8,0.0,0.0,1.0,0.0,0.0,0.0,57.7,28.0,0.0,0.0,0.0,0.0,12.3,0.0,0.0,0.0,-0.077,-20.9,1.0,-19.9,chayce-smith
2021-22,Delaware State,MEAC,19,7,286,4.4,0.395,0.386,0.0,0.14,54.0,7.4,15.6,11.6,5.8,1.0,3.9,29.1,14.8,-0.4,0.3,-0.1,-0.019,-9.3,-3.0,-12.3,christopher-smith
2021-22,Northwestern State,Southland,2,0,14,25.2,0.719,0.75,0.333,0.333,7.0,7.6,0.0,3.9,0.0,0.0,0.0,12.6,27.0,0.0,0.0,0.0,0.108,,,,cooper-smith
2020-21,Florida A&M,MEAC,4,0,27,-3.3,0.0,0.0,0.0,0.0,0.0,0.0,0.0,0.0,0.0,2.1,0.0,33.3,5.5,-0.1,0.0,0.0,-0.044,-8.6,-0.3,-8.9,jahvon-smith
2021-22,Abilene Christian,WAC,18,0,115,7.4,0.471,0.447,0.263,0.421,41.0,4.9,12.6,8.5,8.5,1.0,2.4,20.8,24.3,-0.1,0.2,0.1,0.038,-5.1,-1.4,-6.6,stevie-smith
2021-22,Troy,Sun Belt,22,1,260,10.8,0.468,0.42,0.63,0.395,90.0,4.0,8.3,6.1,14.7,2.7,2.2,17.9,22.5,0.1,0.5,0.6,0.086,-0.3,0.3,-0.1,tk-smith
2021-22,Northern Colorado,Big Sky,10,0,91,7.2,0.48,0.429,1.0,0.19,26.0,2.7,6.4,4.6,16.0,0.6,1.1,20.8,16.3,0.1,0.0,0.1,0.033,-6.1,-2.9,-9.0,treshon-smoots
2021-22,Delaware State,MEAC,28,23,570,9.3,0.511,0.507,0.0,0.418,96.0,10.5,20.1,15.4,1.7,0.9,12.6,40.7,11.7,-0.6,0.9,0.3,0.024,-7.3,0.3,-7.0,chris-sodom
2021-22,Cal State Fullerton,Big West,2,0,10,-17.4,0.0,0.0,1.0,0.0,0.0,0.0,0.0,0.0,0.0,6.0,0.0,50.0,20.8,-0.1,0.0,-0.1,-0.283,-17.5,-1.9,-19.4,landis-spivey
2021-22,Delaware State,MEAC,13,11,365,11.4,0.573,0.546,0.48,0.52,130.0,2.4,11.0,6.8,11.2,2.6,1.0,26.9,22.6,0.0,0.4,0.4,0.045,-3.0,-2.0,-5.0,john-stansbury
2021-22,Radford,Big South,27,10,560,13.4,0.548,0.507,0.172,0.386,203.0,5.8,9.5,7.5,23.8,3.2,0.0,29.3,22.9,0.1,0.7,0.8,0.06,-2.0,0.1,-2.0,artese-stapleton
2021-22,NJIT,AEC,6,0,9,24.5,0.292,0.5,0.0,1.5,3.0,12.5,12.6,12.6,24.8,13.2,0.0,0.0,20.2,0.0,0.0,0.0,0.112,-15.3,-8.5,-23.8,chauncey-sterling
2021-22,Manhattan,MAAC,16,7,391,12.6,0.63,0.591,0.807,0.25,110.0,1.5,7.4,4.5,7.1,2.7,0.3,17.6,15.4,0.6,0.3,1.0,0.099,-0.2,-0.6,-0.9,samir-stewart
2021-22,Arkansas-Pine Bluff,SWAC,30,11,648,10.0,0.504,0.456,0.331,0.324,168.0,5.0,11.1,7.9,11.5,1.7,1.1,18.2,15.2,0.4,0.0,0.4,0.023,-2.7,-3.5,-6.3,kshun-stokes
2021-22,Northeastern,CAA,31,7,565,13.0,0.524,0.503,0.588,0.165,181.0,4.4,12.5,8.5,9.5,0.6,0.8,8.9,19.4,0.9,0.3,1.2,0.086,0.3,-1.5,-1.2,jason-strong
2021-22,Idaho State,Big Sky,16,0,54,-1.9,0.352,0.278,0.556,0.222,7.0,4.3,28.5,15.9,0.0,0.0,0.0,33.4,14.6,-0.1,0.0,-0.1,-0.068,-8.0,-3.2,-11.1,pablo-tamba
2021-22,UC-San Diego,Big West,6,0,36,33.1,0.886,0.9,0.4,3.6,22.0,0.0,9.9,5.1,17.1,0.0,0.0,12.9,23.1,0.3,0.0,0.3,0.352,-0.8,-4.4,-5.2,lunden-taylor
2021-22,Ohio,MAC,3,0,9,15.0,1.026,1.0,0.0,2.0,3.0,0.0,13.7,6.4,0.0,0.0,0.0,33.9,16.6,0.0,0.0,0.0,0.161,-6.8,0.8,-6.1,john-tenerowicz
2021-22,Utah State,MWC,15,0,42,9.2,0.4,0.4,0.3,0.0,9.0,9.1,11.1,10.1,4.2,1.4,2.8,0.0,12.6,0.0,0.1,0.1,0.091,-3.8,0.8,-3.0,norbert-thelissen
2021-22,Coastal Carolina,Sun Belt,27,2,168,11.6,0.588,0.52,0.0,0.4,34.0,6.8,13.0,10.1,1.0,1.4,11.0,28.7,12.5,0.1,0.3,0.4,0.096,-7.5,2.5,-5.0,deshawn-thomas
2021-22,Southeast Missouri State,OVC,25,2,258,8.4,0.497,0.45,0.5,0.48,62.0,2.7,10.1,6.3,8.3,1.7,1.3,11.5,13.2,0.2,0.2,0.4,0.058,-1.9,-0.8,-2.7,chase-thompson
2017-18,St. Joseph's,A-10,8,0,11,1.6,0.513,0.0,0.0,2.0,2.0,0.0,9.7,4.8,0.0,5.1,0.0,50.6,17.9,0.0,0.0,0.0,-0.056,-9.6,2.4,-7.2,kyle-thompson
2021-22,Presbyterian,Big South,24,0,338,8.0,0.4,0.379,0.448,0.161,76.0,4.4,9.5,6.8,8.1,2.8,0.4,10.5,15.8,0.0,0.5,0.5,0.058,-6.3,-0.5,-6.8,kirshon-thrash
2021-22,New Mexico State,WAC,21,7,407,13.8,0.54,0.514,0.404,0.423,140.0,9.6,10.6,10.1,10.3,1.0,0.9,16.7,18.6,0.7,0.6,1.3,0.128,1.2,0.1,1.3,donnie-tillman
2021-22,New Mexico,MWC,29,13,435,13.0,0.495,0.425,0.29,0.49,129.0,5.1,11.6,8.3,8.7,2.8,3.6,14.0,16.4,0.4,0.5,0.9,0.085,-0.2,1.8,1.5,taryn-todd
2021-22,UCSB,Big West,28,3,303,10.4,0.509,0.5,0.268,0.482,80.0,6.5,21.0,14.2,13.3,1.2,0.7,22.5,15.5,0.2,0.5,0.7,0.095,-2.4,0.6,-1.8,sekou-toure
2021-22,Jacksonville State,A-Sun,7,0,16,11.7,1.0,1.0,1.0,0.0,4.0,0.0,0.0,0.0,0.0,0.0,0.0,25.0,13.0,0.0,0.0,0.0,0.09,-22.7,-4.3,-27.0,tanguy-touze
2021-22,Holy Cross,Patriot,21,7,387,11.0,0.646,0.629,0.226,0.548,94.0,4.0,4.4,4.2,4.1,1.1,0.8,17.0,12.5,0.6,0.2,0.8,0.081,-3.0,-2.8,-5.7,malcolm-townsel
2021-22,UTSA,CUSA,25,6,383,6.4,0.424,0.327,0.37,0.531,90.0,1.0,11.9,6.0,13.6,1.6,2.1,22.2,16.4,-0.2,0.4,0.2,0.017,-4.9,0.0,-4.9,christian-tucker
2021-22,Mercer,Southern,29,2,401,5.8,0.443,0.437,0.302,0.159,69.0,3.9,8.9,6.5,8.9,2.4,0.6,24.5,12.1,-0.2,0.3,0.1,0.012,-3.9,-0.4,-4.3,jovan-tucker
2021-22,Middle Tennessee,CUSA,7,0,82,20.0,0.562,0.564,0.59,0.154,41.0,8.8,11.3,10.1,9.0,2.1,4.3,16.0,31.0,0.1,0.1,0.3,0.132,-2.9,-3.2,-6.1,isaiah-turner
2021-22,Wofford,Southern,11,0,65,8.2,0.431,0.421,0.368,0.211,19.0,4.1,15.0,9.5,14.5,0.9,0.0,16.1,20.8,0.0,0.1,0.1,0.037,-5.5,-4.0,-9.6,keaton-turner
2021-22,Cal State Northridge,Big West,4,0,4,-28.3,0.0,0.0,1.0,0.0,0.0,0.0,31.2,14.7,0.0,0.0,0.0,50.0,26.6,0.0,0.0,0.0,-0.421,-28.1,-6.3,-34.4,elijah-uche
2021-22,Morgan State,MEAC,7,0,28,24.7,0.87,0.929,0.286,0.143,10.0,3.8,8.3,5.9,15.2,3.8,0.0,21.1,15.4,0.1,0.1,0.1,0.187,-1.0,-2.5,-3.5,thaire-vance
2020-21,St. Francis (NY),NEC,4,0,3,76.2,1.026,1.0,0.0,2.0,5.0,35.7,0.0,18.3,88.9,18.1,0.0,50.6,62.1,0.0,0.0,0.0,0.506,26.1,10.8,36.9,abdallah-wague
2021-22,Radford,Big South,5,0,18,6.0,0.333,0.333,0.0,0.0,2.0,6.4,7.2,6.8,0.0,0.0,7.0,0.0,8.8,0.0,0.0,0.0,0.034,-3.0,-1.8,-4.8,joshua-walker
2021-22,Northeastern,CAA,26,23,882,8.8,0.513,0.48,0.444,0.278,279.0,0.6,15.6,8.2,15.8,1.3,0.5,24.5,23.0,-0.3,0.7,0.4,0.016,-3.8,-1.2,-5.0,shaquille-walters
2021-22,Penn,Ivy,8,3,120,11.1,0.429,0.421,0.298,0.088,52.0,6.7,9.4,8.1,17.7,0.0,0.9,11.9,28.8,0.0,0.0,0.0,0.002,-2.0,-4.7,-6.7,michael-wang
2021-22,Prairie View,SWAC,23,0,190,6.1,0.444,0.464,0.25,0.179,35.0,4.3,11.7,8.1,16.9,3.5,0.0,34.5,11.8,-0.1,0.2,0.1,0.016,-6.1,0.4,-5.7,deangelo-ware
2019-20,Jackson State,SWAC,2,0,18,-15.5,0.0,0.0,0.833,0.0,1.0,6.3,6.9,6.6,0.0,0.0,0.0,0.0,16.6,-0.1,0.0,-0.1,-0.18,-17.2,-5.5,-22.7,geronimo-warner
2021-22,Southeastern Louisiana,Southland,16,0,125,8.3,0.371,0.31,0.517,0.241,32.0,2.8,14.7,8.8,21.2,2.6,0.0,17.8,15.3,0.0,0.1,0.1,0.031,-5.8,-1.4,-7.1,jondarius-warren
2021-22,Cal State Bakersfield,Big West,23,0,228,12.3,0.691,0.714,0.0,0.143,34.0,7.9,16.5,11.9,4.0,1.9,6.8,21.1,6.4,0.3,0.4,0.6,0.112,-4.2,1.7,-2.5,brian-washington
2021-22,Portland,WCC,6,0,27,17.7,0.584,0.55,0.9,0.6,12.0,0.0,15.8,8.2,0.0,2.1,4.0,13.5,27.4,0.0,0.0,0.1,0.121,0.1,-0.6,-0.6,wyatt-watson
2021-22,Rider,MAAC,5,0,14,2.9,0.167,0.167,0.5,0.0,4.0,0.0,31.9,15.7,52.2,0.0,0.0,14.3,25.2,-0.1,0.0,0.0,-0.093,-7.8,-2.8,-10.7,rj-weise
2019-20,Jackson State,SWAC,5,0,11,-5.9,0.167,0.167,0.167,0.0,3.0,20.5,0.0,10.8,0.0,0.0,0.0,0.0,27.1,0.0,0.0,0.0,-0.132,-24.0,-10.1,-34.0,kelvin-wesley
2021-22,Montana,Big Sky,10,0,43,1.9,0.3,0.3,0.85,0.0,12.0,2.9,8.6,5.8,8.9,0.0,0.0,0.0,25.1,-0.1,0.0,-0.1,-0.05,-16.7,-10.8,-27.6,jack-wetzel
2021-22,Northwestern State,Southland,31,28,725,11.9,0.556,0.543,0.325,0.172,221.0,1.0,4.2,2.6,25.4,2.4,0.3,24.4,15.3,0.7,0.1,0.8,0.046,-2.2,-2.6,-4.8,brian-white
2021-22,Miami (OH),MAC,30,25,672,6.0,0.501,0.488,0.612,0.083,121.0,1.3,7.4,4.3,6.4,0.7,0.7,13.7,11.0,0.3,0.2,0.5,0.031,-3.7,-2.0,-5.7,myja-white
2020-21,Missouri State,MVC,6,0,28,1.5,0.382,0.2,0.2,1.2,7.0,0.0,19.1,10.4,11.4,0.0,0.0,27.6,20.3,-0.1,0.0,0.0,-0.024,-9.6,-5.1,-14.7,skylar-wicks
2021-22,UNC Greensboro,Southern,1,0,0,,,,,,,,,,,,,,,0.0,0.0,0.0,,0.0,0.0,0.0,aj-williams
2021-22,Robert Morris,Horizon,28,17,743,8.5,0.492,0.472,0.413,0.223,190.0,3.3,9.2,6.4,8.3,1.4,1.0,18.2,17.0,0.2,0.1,0.3,0.015,-3.6,-2.5,-6.1,jaron-williams
2021-22,New Mexico State,WAC,17,0,144,10.9,0.508,0.488,0.927,0.22,41.0,0.0,5.4,2.8,7.7,1.6,0.0,0.0,15.9,0.3,0.2,0.5,0.139,-0.3,1.1,0.8,levar-williams
2021-22,New Orleans,Southland,14,0,45,11.6,0.408,0.375,0.688,0.313,18.0,7.6,9.2,8.5,23.0,2.4,2.4,21.4,24.6,0.0,0.1,0.0,0.028,-1.6,-5.2,-6.7,norris-williams
2021-22,Radford,Big South,28,19,741,13.8,0.497,0.477,0.566,0.16,257.0,5.6,16.3,10.7,8.7,0.8,2.2,11.3,22.2,0.9,0.8,1.7,0.09,0.5,-1.5,-1.1,rashun-williams
2021-22,Cal State Bakersfield,Big West,11,6,192,12.6,0.433,0.419,0.4,0.113,74.0,2.3,16.2,8.8,23.6,3.8,0.7,17.6,27.5,-0.1,0.3,0.3,0.056,-5.1,0.4,-4.7,shaun-williams
2021-22,Coastal Carolina,Sun Belt,17,1,152,1.0,0.291,0.286,0.714,0.048,26.0,0.8,4.1,2.5,7.8,1.2,2.4,12.3,16.2,-0.2,0.2,-0.1,-0.014,-10.0,-2.6,-12.6,kevin-williamson
2021-22,Stephen F. Austin,WAC,24,5,210,7.1,0.473,0.459,0.857,0.122,46.0,1.7,7.8,4.8,7.1,1.9,0.0,10.4,13.2,0.2,0.3,0.5,0.087,-3.0,0.5,-2.5,diego-willis
2021-22,Binghamton,AEC,24,4,182,11.9,0.572,0.556,0.0,0.267,56.0,7.6,15.8,11.8,5.5,0.7,3.0,24.0,19.0,0.1,0.2,0.3,0.072,-7.3,-1.6,-9.0,yarden-willis
2021-22,Austin Peay,OVC,24,13,472,11.1,0.483,0.458,0.636,0.196,125.0,5.0,14.0,9.3,18.3,2.3,0.8,17.0,15.6,0.4,0.6,1.0,0.081,-3.1,0.3,-2.8,alec-woodard
2021-22,High Point,Big South,11,0,53,4.0,0.357,0.357,0.286,0.0,10.0,2.2,17.0,9.7,7.0,1.1,2.1,17.6,16.5,-0.1,0.1,0.0,-0.006,-1.1,0.6,-0.5,caleb-wright
2021-22,Oakland,Horizon,9,0,55,21.9,0.615,0.594,0.688,0.25,19.0,4.3,16.4,10.4,7.1,3.2,2.1,5.3,17.2,0.2,0.1,0.3,0.194,0.3,4.4,4.7,ty-wyman
2021-22,Akron,MAC,23,0,239,12.4,0.527,0.521,0.383,0.277,59.0,6.3,13.9,10.2,9.0,3.7,3.3,19.6,15.0,0.2,0.5,0.7,0.121,-3.7,3.3,-0.4,michael-wynn
2021-22,SMU,AAC,26,0,186,17.2,0.652,0.679,0.0,0.893,55.0,10.7,13.9,12.4,7.2,0.9,7.3,20.1,13.7,0.4,0.4,0.7,0.159,0.1,3.0,3.2,jahmar-youngjr
2021-22,Presbyterian,Big South,32,18,637,12.8,0.516,0.497,0.543,0.198,168.0,5.8,12.6,8.9,4.5,3.0,2.4,14.5,16.6,0.6,1.0,1.6,0.1,-2.3,0.5,-1.8,brandon-younger
2021-22,Bellarmine,A-Sun,5,0,24,31.1,0.707,0.688,0.5,0.5,13.0,5.4,26.1,16.0,18.3,0.0,17.3,16.8,28.0,0.1,0.0,0.2,0.25,-30.6,1.9,-28.7,baylor-younker
2020-21,Loyola Marymount,WCC,1,0,2,-8.8,,,,,0.0,0.0,0.0,0.0,0.0,0.0,0.0,,0.0,0.0,0.0,0.0,0.027,-14.4,1.6,-12.8,anthony-yu
2021-22,Bryant,NEC,3,0,12,12.7,0.506,0.5,0.667,0.667,4.0,8.8,16.1,12.6,13.9,0.0,0.0,20.2,19.2,0.0,0.0,0.0,0.087,18.4,-5.5,12.9,max-zakheim
2021-22,Lafayette,Patriot,9,0,15,1.5,0.0,0.0,0.0,1.0,2.0,15.5,0.0,7.9,10.8,8.1,0.0,25.3,14.3,-0.1,0.0,0.0,-0.092,-11.1,-1.5,-12.7,ryan-zambie
2020-21,Chicago State,WAC,7,4,217,9.9,0.472,0.436,0.371,0.314,74.0,0.5,6.9,3.5,20.9,1.0,0.0,13.9,22.2,0.0,-0.3,-0.3,-0.06,-2.7,-6.3,-9.0,levelle-zeigler
2021-22,Florida Atlantic,CUSA,18,0,101,18.8,0.561,0.548,0.548,0.194,36.0,6.9,9.4,8.1,7.4,3.5,0.0,5.6,17.9,0.3,0.2,0.4,0.173,-1.1,1.0,-0.1,bogdan-zimonjic
2021-22,Northeastern,CAA,16,7,221,6.7,0.565,0.549,0.659,0.122,45.0,1.8,7.0,4.4,6.5,1.9,0.5,25.7,14.4,0.0,0.1,0.1,0.026,-4.2,0.4,-3.8,vito-cubrilo
2021-22,Central Michigan,MAC,1,0,1,0.0,,,,,0.0,0.0,0.0,0.0,0.0,0.0,0.0,,0.0,0.0,0.0,0.0,-0.031,-3.3,-2.4,-5.7,rastislav-sipkovsky
