,Season,School,Conf,G,GS,MP,FG,FGA,FG%,2P,2PA,2P%,3P,3PA,3P%,FT,FTA,FT%,TRB,AST,STL,BLK,TOV,PF,PTS,Unnamed: 25,ORtg,DRtg,Name
2,2021-22,Ball State,MAC,8,0,100,2.8,12.9,0.217,0.0,7.8,0.0,2.8,5.0,0.556,3.4,3.9,0.857,10.6,6.1,1.7,0.0,3.4,5.0,11.7,,95.5,109.5,kani-acree
1,2021-22,Vanderbilt,SEC,4,0,9,0.0,12.9,0.0,0.0,6.4,0.0,0.0,6.4,0.0,0.0,0.0,,12.9,12.9,0.0,0.0,0.0,0.0,0.0,,58.3,100.9,max-adelman
3,2021-22,Arizona,Pac-12,7,0,95,7.5,15.6,0.481,2.3,6.4,0.364,5.2,9.3,0.563,0.0,1.2,0.0,13.9,8.1,4.1,1.2,1.7,4.6,20.3,,139.0,88.7,kim-aikenjr
4,2021-22,California Baptist,WAC,34,33,908,7.2,13.3,0.541,7.2,13.2,0.543,0.0,0.1,0.0,9.0,13.0,0.696,17.4,3.2,1.6,2.2,5.1,6.9,23.4,,109.0,91.9,daniel-akin
0,2021-22,Chicago State,WAC,21,10,564,5.2,14.8,0.353,2.8,7.1,0.388,2.4,7.7,0.319,4.5,5.2,0.857,7.7,5.7,2.8,0.1,4.5,5.1,17.3,,100.7,111.8,dominique-alexander
0,2020-21,Oral Roberts,Summit,5,0,32,10.2,22.1,0.462,6.8,10.2,0.667,3.4,11.9,0.286,5.1,5.1,1.0,8.5,3.4,3.4,1.7,1.7,5.1,28.9,,122.4,99.7,jonathan-alexandre
2,2021-22,California,Pac-12,1,1,1,0.0,61.6,0.0,0.0,0.0,,0.0,61.6,0.0,0.0,0.0,,123.2,0.0,0.0,0.0,0.0,0.0,0.0,,0.0,30.4,logan-alters
0,2020-21,South Alabama,Sun Belt,12,0,20,0.0,0.0,,0.0,0.0,,0.0,0.0,,0.0,0.0,,8.8,5.8,0.0,0.0,0.0,5.8,0.0,,232.5,110.7,andrew-anderson
0,2021-22,North Dakota,Summit,2,0,3,0.0,0.0,,0.0,0.0,,0.0,0.0,,0.0,0.0,,0.0,0.0,0.0,0.0,0.0,0.0,0.0,,0.0,122.5,jackson-anderson
1,2021-22,Western Illinois,Summit,13,0,58,6.7,15.2,0.438,6.7,12.4,0.538,0.0,2.9,0.0,2.9,6.7,0.429,17.1,1.9,0.0,1.9,6.7,5.7,16.2,,79.9,106.5,adam-anhold
2,2021-22,Wofford,Southern,16,1,48,7.6,7.6,1.0,7.6,7.6,1.0,0.0,0.0,,1.3,3.8,0.333,15.2,2.5,1.3,1.3,8.9,12.7,16.5,,92.2,101.3,david-appelgren
1,2020-21,Lehigh,Patriot,6,0,17,0.0,9.9,0.0,0.0,6.6,0.0,0.0,3.3,0.0,0.0,0.0,,9.9,0.0,3.3,0.0,9.9,13.2,0.0,,0.0,103.0,andrei-arion
3,2021-22,Iowa,Big Ten,18,0,79,12.2,28.1,0.436,6.5,9.4,0.692,5.8,18.7,0.308,7.2,10.1,0.714,7.2,7.9,0.0,0.0,4.3,3.6,37.4,,118.1,109.6,austin-ash
0,2021-22,Drexel,CAA,2,0,3,0.0,19.6,0.0,0.0,0.0,,0.0,19.6,0.0,0.0,0.0,,0.0,0.0,0.0,0.0,0.0,39.2,0.0,,0.0,110.1,ata-atsuren
1,2021-22,Georgetown,Big East,7,0,18,9.4,15.6,0.6,9.4,15.6,0.6,0.0,0.0,,0.0,0.0,,6.3,3.1,3.1,3.1,0.0,6.3,18.8,,142.4,110.6,chuma-azinge
2,2021-22,Eastern Illinois,OVC,1,0,14,4.3,12.9,0.333,4.3,8.6,0.5,0.0,4.3,0.0,8.6,8.6,1.0,4.3,4.3,0.0,4.3,4.3,8.6,17.2,,93.5,111.4,myles-baker
3,2021-22,Fresno State,MWC,23,2,415,5.7,15.0,0.381,1.5,3.1,0.5,4.2,11.9,0.351,2.3,3.2,0.714,4.5,1.9,1.7,0.5,1.5,6.8,17.9,,109.5,98.3,junior-ballard
1,2020-21,Cincinnati,AAC,8,1,36,0.0,7.8,0.0,0.0,6.2,0.0,0.0,1.6,0.0,0.0,0.0,,4.7,3.1,4.7,0.0,1.6,6.2,0.0,,30.1,100.5,rob-banks
3,2021-22,Princeton,Ivy,25,2,155,6.8,12.4,0.545,4.1,6.4,0.647,2.6,6.0,0.438,1.1,3.4,0.333,11.3,2.6,1.1,3.4,1.9,5.3,17.3,,121.0,99.1,elijah-barnes
0,2021-22,Kansas City,Summit,22,0,263,7.6,11.3,0.673,6.7,9.5,0.705,0.9,1.7,0.5,2.8,4.8,0.591,7.4,2.6,2.8,0.2,3.0,6.3,18.8,,119.5,97.1,timothy-barnes
3,2021-22,Delaware State,MEAC,28,14,613,6.1,15.8,0.384,4.4,10.6,0.417,1.7,5.2,0.316,2.6,4.2,0.609,9.8,1.2,2.1,1.0,3.3,4.3,16.4,,89.8,104.8,dmarco-baucum
3,2021-22,Cal State Northridge,Big West,25,6,524,5.7,15.0,0.38,5.2,13.2,0.395,0.5,1.7,0.267,3.0,3.8,0.788,7.9,2.3,2.1,0.5,3.5,4.3,14.9,,86.3,109.7,darius-beane
3,2021-22,Miami (OH),MAC,15,0,144,4.8,15.3,0.316,4.8,15.3,0.316,0.0,0.0,,8.1,10.1,0.8,16.5,2.4,2.4,1.2,4.4,9.7,17.7,,99.3,104.3,james-beck
2,2021-22,Stanford,Pac-12,5,1,10,0.0,18.0,0.0,0.0,0.0,,0.0,18.0,0.0,0.0,0.0,,6.0,0.0,6.0,0.0,6.0,0.0,0.0,,0.0,96.4,daniel-begovich
1,2021-22,Merrimack,NEC,17,0,92,4.8,16.3,0.292,0.7,2.7,0.25,4.1,13.6,0.3,5.4,6.1,0.889,6.8,2.0,1.4,0.0,2.0,6.8,19.0,,100.2,105.1,james-berryiii
1,2021-22,Bethune-Cookman,SWAC,5,0,19,0.0,6.3,0.0,0.0,6.3,0.0,0.0,0.0,,0.0,0.0,,3.1,0.0,3.1,0.0,3.1,6.3,0.0,,0.0,105.6,quavon-blackwood
3,2021-22,William & Mary,CAA,13,3,308,8.2,14.9,0.55,5.8,9.5,0.608,2.4,5.4,0.448,5.2,7.2,0.718,10.8,1.3,1.3,0.6,3.2,5.8,24.0,,118.4,107.5,quinn-blair
1,2019-20,Youngstown State,Horizon,5,0,13,9.0,22.4,0.4,4.5,4.5,1.0,4.5,17.9,0.25,13.5,17.9,0.75,4.5,4.5,0.0,0.0,4.5,9.0,35.9,,117.8,110.4,justin-bofenkamp
1,2021-22,Houston Baptist,Southland,16,7,277,5.6,19.2,0.292,3.2,7.4,0.432,2.4,11.8,0.203,3.6,5.2,0.692,7.0,4.4,1.8,0.8,6.4,5.6,17.2,,75.6,107.1,za-ontay-boothman
0,2021-22,Louisiana-Monroe,Sun Belt,9,1,171,11.4,24.5,0.466,7.7,12.7,0.605,3.7,11.7,0.314,3.7,4.7,0.786,6.7,5.7,2.3,0.3,5.0,5.0,30.2,,104.4,107.7,trey-boston
1,2021-22,Norfolk State,MEAC,16,0,82,3.4,12.4,0.278,3.4,10.3,0.333,0.0,2.1,0.0,4.8,6.9,0.7,4.8,4.1,2.1,0.0,5.5,6.2,11.7,,71.6,96.1,andre-bottoms
1,2021-22,Morgan State,MEAC,14,0,84,5.0,8.8,0.571,4.4,6.3,0.7,0.6,2.5,0.25,1.3,2.5,0.5,1.3,3.1,3.8,0.0,3.1,5.7,11.9,,99.5,98.2,elijah-bowens
1,2021-22,Northeastern,CAA,21,0,80,3.1,5.3,0.571,3.1,5.3,0.571,0.0,0.0,,1.5,3.8,0.4,6.1,0.0,0.0,1.5,3.1,6.1,7.6,,82.2,111.4,connor-braun
0,2020-21,Missouri State,MVC,4,0,11,15.9,21.2,0.75,10.6,15.9,0.667,5.3,5.3,1.0,5.3,15.9,0.333,15.9,0.0,5.3,0.0,0.0,0.0,42.3,,144.0,89.1,elijah-bridgers
1,2021-22,Prairie View,SWAC,6,1,30,1.9,7.4,0.25,1.9,7.4,0.25,0.0,0.0,,0.0,1.9,0.0,3.7,1.9,1.9,3.7,1.9,9.3,3.7,,58.2,108.3,jerroda-briscoe
0,2020-21,Manhattan,MAAC,3,0,11,5.4,10.8,0.5,5.4,10.8,0.5,0.0,0.0,,5.4,5.4,1.0,5.4,0.0,5.4,0.0,0.0,26.9,16.1,,144.6,95.6,amir-britt
0,2021-22,Jacksonville,A-Sun,12,0,108,6.5,17.0,0.379,6.5,11.7,0.55,0.0,5.3,0.0,2.3,3.5,0.667,18.8,4.1,4.1,2.3,5.3,4.1,15.3,,84.2,84.2,isaiah-broady
1,2021-22,Binghamton,AEC,6,0,13,0.0,22.8,0.0,0.0,13.7,0.0,0.0,9.1,0.0,4.6,9.1,0.5,4.6,0.0,0.0,0.0,0.0,0.0,4.6,,21.4,109.9,alex-brodsky
0,2021-22,Radford,Big South,2,0,2,0.0,30.6,0.0,0.0,0.0,,0.0,30.6,0.0,0.0,0.0,,30.6,0.0,0.0,0.0,30.6,30.6,0.0,,0.0,90.7,austin-brown
1,2021-22,Florida A&M,SWAC,19,3,348,8.0,15.9,0.505,4.1,6.2,0.667,3.9,9.7,0.404,1.2,1.7,0.7,7.0,2.2,1.0,1.4,1.9,5.0,21.2,,121.6,106.5,johnny-brown
1,2017-18,UNC Asheville,Big South,12,1,69,8.9,17.7,0.5,8.0,10.6,0.75,0.9,7.1,0.125,8.0,8.0,1.0,9.7,1.8,1.8,1.8,4.4,14.2,26.6,,111.8,104.3,justin-brown
1,2021-22,Northern Arizona,Big Sky,22,0,233,4.8,10.1,0.475,3.8,7.1,0.536,1.0,3.0,0.333,2.5,5.6,0.455,10.9,3.0,2.0,0.3,4.6,7.9,13.2,,89.9,107.6,wynton-brown
0,2021-22,Toledo,MAC,5,0,15,7.6,30.4,0.25,7.6,30.4,0.25,0.0,0.0,,3.8,7.6,0.5,15.2,0.0,0.0,0.0,7.6,7.6,19.0,,50.4,97.4,jordan-burge
3,2021-22,NJIT,AEC,23,21,745,4.9,13.2,0.376,3.0,7.4,0.409,1.9,5.7,0.333,2.5,3.5,0.705,7.3,4.9,2.3,0.1,2.6,4.9,14.3,,98.4,104.9,antwuan-butler
0,2020-21,South Carolina State,MEAC,6,0,48,5.7,17.2,0.333,3.4,9.2,0.375,2.3,8.0,0.286,5.7,5.7,1.0,4.6,1.1,1.1,0.0,5.7,3.4,19.5,,84.9,114.2,rashamel-butler
3,2021-22,Western Kentucky,CUSA,18,4,195,8.4,15.9,0.527,8.4,15.3,0.547,0.0,0.6,0.0,3.5,8.1,0.429,11.8,0.9,2.6,1.7,4.9,6.4,20.2,,93.2,98.9,jaylen-butz
0,2021-22,Pacific,WCC,29,1,267,6.2,15.1,0.414,6.2,12.7,0.492,0.0,2.4,0.0,6.7,11.2,0.596,4.1,2.6,1.5,0.4,5.2,4.1,19.2,,82.5,109.2,jaden-byers
1,2021-22,UMBC,AEC,27,1,216,5.4,15.1,0.357,4.0,8.6,0.469,1.3,6.5,0.208,1.9,3.0,0.636,4.6,4.0,2.2,0.0,4.3,3.0,14.0,,79.9,107.4,hakim-byrd
1,2021-22,California Baptist,WAC,27,0,243,5.0,10.4,0.477,4.3,6.6,0.643,0.7,3.8,0.188,3.1,4.0,0.765,9.7,3.6,1.2,0.9,1.4,5.7,13.8,,121.7,99.2,tyree-campbell
0,2019-20,St. Bonaventure,A-10,14,0,78,5.4,14.7,0.368,5.4,13.9,0.389,0.0,0.8,0.0,0.8,2.3,0.333,12.4,0.8,2.3,3.1,2.3,10.8,11.6,,80.4,96.4,robert-carpenter
1,2021-22,SIU-Edwardsville,OVC,32,24,1015,5.4,12.3,0.435,3.9,7.7,0.511,1.4,4.6,0.309,2.5,3.6,0.688,8.1,6.3,2.7,0.2,4.7,3.5,14.7,,96.4,101.5,courtney-carter
0,2021-22,New Mexico State,WAC,2,0,18,6.5,19.5,0.333,3.3,9.8,0.333,3.3,9.8,0.333,0.0,0.0,,6.5,0.0,0.0,0.0,3.3,3.3,16.3,,76.7,102.0,marsei-caston
1,2021-22,Marist,MAAC,30,27,651,9.5,21.0,0.454,6.9,12.8,0.54,2.7,8.3,0.322,2.1,2.8,0.767,9.6,1.6,1.7,0.4,2.1,5.0,23.9,,107.6,102.1,samkelo-cele
2,2021-22,Tennessee Tech,OVC,8,0,26,15.3,43.6,0.35,13.1,24.0,0.545,2.2,19.6,0.111,4.4,6.5,0.667,6.5,2.2,2.2,0.0,6.5,4.4,37.0,,75.9,106.1,caleb-christopher
0,2021-22,Chicago State,WAC,30,12,509,4.4,11.0,0.398,1.4,2.6,0.545,2.9,8.4,0.352,1.5,2.4,0.65,4.7,2.4,2.0,0.1,2.4,2.9,13.2,,107.3,115.8,favour-chukwukelu
1,2021-22,UTEP,CUSA,14,0,88,1.3,3.3,0.4,0.7,2.0,0.333,0.7,1.3,0.5,0.0,0.0,,2.7,4.0,1.3,0.0,2.0,8.0,3.3,,93.1,104.6,cam-clardy
0,2021-22,Alabama State,SWAC,3,0,13,0.0,8.6,0.0,0.0,8.6,0.0,0.0,0.0,,4.3,8.6,0.5,8.6,8.6,0.0,0.0,4.3,0.0,4.3,,54.0,110.5,kareem-clark
0,2021-22,Austin Peay,OVC,7,0,12,5.0,10.1,0.5,5.0,10.1,0.5,0.0,0.0,,5.0,10.1,0.5,10.1,0.0,5.0,0.0,5.0,0.0,15.1,,76.4,95.9,chandler-clements
0,2021-22,Eastern Illinois,OVC,27,25,859,5.4,14.8,0.363,4.1,9.3,0.444,1.3,5.5,0.228,3.6,6.0,0.593,7.3,8.5,1.8,0.6,5.3,4.5,15.6,,84.6,108.8,kejuan-clements
0,2021-22,Eastern Michigan,MAC,1,0,1,0.0,56.6,0.0,0.0,56.6,0.0,0.0,0.0,,0.0,0.0,,0.0,0.0,0.0,0.0,0.0,0.0,0.0,,0.0,116.5,malcolm-clements
1,2021-22,Xavier,Big East,1,0,2,0.0,28.9,0.0,0.0,28.9,0.0,0.0,0.0,,0.0,0.0,,28.9,28.9,0.0,0.0,0.0,0.0,0.0,,94.7,112.2,spencer-cody
0,2021-22,Stephen F. Austin,WAC,9,0,32,3.5,10.4,0.333,3.5,5.2,0.667,0.0,5.2,0.0,3.5,3.5,1.0,8.7,5.2,1.7,1.7,5.2,5.2,10.4,,82.5,96.8,jimel-cofer
1,2020-21,Cal State Northridge,Big West,8,7,223,10.1,25.1,0.404,5.3,10.9,0.488,4.8,14.2,0.339,3.0,3.3,0.923,7.6,2.0,1.0,0.5,1.5,2.0,28.1,,107.2,112.7,lance-colemanii
1,2021-22,Cal Poly,Big West,24,9,533,5.7,13.9,0.413,3.8,8.2,0.458,1.9,5.6,0.347,5.0,6.3,0.8,9.4,0.7,0.7,0.1,2.9,2.4,18.4,,103.6,105.5,kyle-colvin
1,2021-22,Western Kentucky,CUSA,9,0,26,2.2,15.2,0.143,2.2,4.3,0.5,0.0,10.8,0.0,2.2,6.5,0.333,8.7,0.0,2.2,0.0,2.2,2.2,6.5,,36.2,100.0,bailey-conrad
0,2021-22,Robert Morris,Horizon,23,0,142,2.5,7.1,0.353,1.2,3.7,0.333,1.2,3.3,0.375,0.8,0.8,1.0,4.6,4.6,1.2,0.0,6.7,8.3,7.1,,64.7,115.2,chase-cook
3,2021-22,New Mexico State,WAC,13,0,109,8.1,17.2,0.469,2.1,4.3,0.5,5.9,12.9,0.458,7.0,8.1,0.867,8.1,4.3,1.6,0.5,3.2,4.8,29.0,,133.1,96.8,virshon-cotton
0,2020-21,San Jose State,MWC,12,1,107,2.6,12.9,0.2,2.6,12.9,0.2,0.0,0.0,,2.6,4.6,0.556,9.8,0.0,0.0,0.5,4.1,12.9,7.7,,54.0,117.5,chase-courtney
0,2021-22,New Mexico State,WAC,5,0,12,4.9,4.9,1.0,0.0,0.0,,4.9,4.9,1.0,0.0,0.0,,4.9,0.0,0.0,0.0,0.0,0.0,14.6,,300.0,103.5,cameron-crawford
1,2021-22,UCLA,Pac-12,1,0,1,0.0,0.0,,0.0,0.0,,0.0,0.0,,0.0,0.0,,0.0,0.0,0.0,0.0,0.0,0.0,0.0,,0.0,108.5,logan-cremonesi
0,2021-22,Nebraska,Big Ten,12,0,15,11.1,18.5,0.6,7.4,14.8,0.5,3.7,3.7,1.0,0.0,7.4,0.0,3.7,0.0,0.0,0.0,0.0,0.0,25.9,,109.8,116.6,jackson-cronin
2,2021-22,South Carolina State,MEAC,30,26,742,6.8,18.7,0.365,3.2,7.3,0.44,3.6,11.3,0.316,2.0,3.1,0.667,8.7,1.9,1.6,0.4,3.7,5.3,19.2,,94.6,100.1,omar-croskey
2,2021-22,SIU-Edwardsville,OVC,2,0,26,6.7,20.0,0.333,4.5,8.9,0.5,2.2,11.1,0.2,8.9,13.4,0.667,11.1,11.1,0.0,0.0,11.1,4.5,24.5,,86.3,107.6,carlos-curtis
1,2021-22,Drake,MVC,8,0,39,6.2,15.4,0.4,4.6,9.3,0.5,1.5,6.2,0.25,1.5,3.1,0.5,6.2,1.5,3.1,0.0,1.5,7.7,15.4,,94.2,98.9,deven-dahlke
0,2021-22,Vanderbilt,SEC,3,0,38,4.6,19.9,0.231,1.5,7.6,0.2,3.1,12.2,0.25,1.5,3.1,0.5,16.8,6.1,0.0,0.0,6.1,1.5,13.7,,68.1,99.0,peyton-daniels
2,2021-22,Elon,CAA,12,0,31,1.9,3.8,0.5,1.9,3.8,0.5,0.0,0.0,,0.0,1.9,0.0,1.9,11.5,0.0,1.9,7.7,5.8,3.8,,67.9,115.2,ben-daugherty
1,2021-22,UMBC,AEC,14,0,41,2.8,12.8,0.222,2.8,7.1,0.4,0.0,5.7,0.0,7.1,8.5,0.833,8.5,4.3,1.4,0.0,5.7,5.7,12.8,,73.8,106.4,brendan-davis
1,2021-22,Kent State,MAC,7,0,8,14.8,22.2,0.667,14.8,22.2,0.667,0.0,0.0,,0.0,0.0,,14.8,7.4,0.0,7.4,7.4,0.0,29.6,,104.9,90.8,mike-digiulio
1,2021-22,Stony Brook,AEC,18,1,141,5.8,15.7,0.368,5.4,11.2,0.481,0.4,4.6,0.091,0.0,0.0,,9.5,3.3,4.6,2.9,2.9,8.3,12.0,,80.7,98.6,mohamed-diallo
2,2021-22,UT-Martin,OVC,22,7,309,5.1,16.7,0.308,1.1,3.7,0.3,4.0,13.0,0.31,1.8,2.6,0.714,10.6,3.3,0.9,0.6,4.6,4.4,16.1,,87.5,108.0,david-didenko
2,2021-22,Austin Peay,OVC,5,0,19,6.4,6.4,1.0,6.4,6.4,1.0,0.0,0.0,,0.0,3.2,0.0,12.7,0.0,0.0,0.0,6.4,19.1,12.7,,83.4,108.0,assane-diouf
3,2021-22,Boise State,MWC,7,6,198,7.8,20.5,0.379,5.6,11.2,0.5,2.2,9.3,0.233,2.2,5.0,0.438,10.0,3.7,1.6,0.6,3.4,3.1,19.9,,94.1,96.4,devonaire-doutrive
0,2021-22,Manhattan,MAAC,2,0,4,0.0,14.4,0.0,0.0,0.0,,0.0,14.4,0.0,0.0,0.0,,0.0,0.0,0.0,0.0,0.0,14.4,0.0,,0.0,114.4,sean-duke
1,2021-22,California Baptist,WAC,16,0,53,4.4,8.7,0.5,3.3,6.5,0.5,1.1,2.2,0.5,3.3,6.5,0.5,6.5,7.6,1.1,3.3,7.6,9.8,13.1,,81.2,96.5,freddie-dybala
2,2020-21,Northeastern,CAA,16,10,282,4.6,9.3,0.489,4.4,8.5,0.512,0.2,0.8,0.25,2.9,3.5,0.824,10.4,1.2,2.7,0.8,4.6,7.5,12.2,,87.9,97.9,greg-eboigbodin
0,2020-21,Missouri State,MVC,6,0,14,8.3,25.0,0.333,8.3,25.0,0.333,0.0,0.0,,0.0,0.0,,20.8,4.2,0.0,0.0,8.3,20.8,16.6,,82.7,103.2,melvyn-ebonkoli
3,2021-22,Seattle,WAC,13,1,157,8.9,18.1,0.49,1.8,3.5,0.5,7.1,14.5,0.488,0.4,1.1,0.333,6.4,1.4,1.1,1.4,1.8,6.0,25.2,,125.2,97.4,rip-economou
0,2021-22,Eastern Washington,Big Sky,8,0,76,2.9,10.3,0.286,1.5,2.9,0.5,1.5,7.3,0.2,1.5,1.5,1.0,11.8,2.2,1.5,1.5,3.7,6.6,8.8,,79.8,103.7,yousef-elkugia
0,2020-21,Milwaukee,Horizon,1,0,0,,,,,,,,,,,,,,,,,,,,,,,tyler-ellingson
3,2021-22,Marist,MAAC,28,14,516,3.4,6.7,0.5,3.4,6.7,0.5,0.0,0.0,,2.1,3.7,0.563,14.7,1.0,1.0,2.0,3.0,7.6,8.8,,101.8,101.6,victor-enoh
1,2021-22,Little Rock,Sun Belt,4,3,62,6.6,19.9,0.333,6.6,16.1,0.412,0.0,3.8,0.0,0.9,0.9,1.0,11.4,1.9,3.8,0.9,9.5,4.7,14.2,,53.7,100.5,alsean-evans
3,2020-21,St. Francis (NY),NEC,16,2,266,3.3,9.0,0.364,2.5,5.3,0.462,0.8,3.7,0.222,3.3,4.9,0.667,16.4,1.4,2.0,2.7,2.7,7.8,10.6,,97.9,103.1,yaradyah-evans
0,2021-22,College of Charleston,CAA,20,0,101,2.7,10.1,0.263,0.5,4.8,0.111,2.1,5.3,0.4,3.7,4.8,0.778,5.9,5.9,1.6,0.0,8.0,7.5,11.2,,73.5,107.0,nikita-evdokimov
0,2021-22,Western Carolina,Southern,10,0,21,2.7,11.0,0.25,2.7,11.0,0.25,0.0,0.0,,2.7,16.5,0.167,19.2,2.7,11.0,0.0,5.5,13.7,8.2,,62.8,89.1,davion-everett
2,2021-22,SIU-Edwardsville,OVC,3,0,18,9.6,12.9,0.75,9.6,12.9,0.75,0.0,0.0,,0.0,6.4,0.0,6.4,0.0,3.2,6.4,0.0,3.2,19.3,,116.7,94.5,elochukwu-eze
2,2021-22,Eastern Washington,Big Sky,3,0,17,0.0,19.7,0.0,0.0,16.4,0.0,0.0,3.3,0.0,0.0,0.0,,13.1,9.9,6.6,0.0,6.6,9.9,0.0,,24.4,90.4,austin-fadal
0,2021-22,Arkansas-Pine Bluff,SWAC,2,0,4,14.4,14.4,1.0,14.4,14.4,1.0,0.0,0.0,,14.4,14.4,1.0,28.9,0.0,0.0,0.0,0.0,14.4,43.3,,221.0,100.9,amadou-fall
0,2021-22,ETSU,Southern,2,0,4,0.0,0.0,,0.0,0.0,,0.0,0.0,,0.0,0.0,,15.0,0.0,0.0,0.0,15.0,0.0,0.0,,0.0,110.1,isaac-farah
1,2020-21,Portland,WCC,7,1,95,2.9,10.4,0.278,2.9,9.8,0.294,0.0,0.6,0.0,1.2,2.3,0.5,6.3,6.9,2.3,1.7,2.3,2.3,6.9,,77.5,113.7,quincy-ferebee
1,2021-22,Albany (NY),AEC,22,0,131,4.6,10.2,0.455,2.8,4.2,0.667,1.9,6.0,0.308,6.5,9.7,0.667,4.2,1.4,0.9,0.0,2.8,6.5,17.6,,108.5,106.6,luke-fizulich
1,2021-22,Western Illinois,Summit,23,2,291,3.8,9.5,0.4,3.0,6.1,0.5,0.8,3.4,0.222,3.0,5.5,0.552,6.3,1.9,1.9,0.2,2.8,9.1,11.4,,92.2,108.3,jj-flores
1,2019-20,Youngstown State,Horizon,14,0,110,6.9,22.8,0.302,4.2,15.9,0.267,2.6,6.9,0.385,4.2,6.4,0.667,9.0,1.1,1.6,2.1,3.7,7.4,20.7,,87.0,104.2,tyler-foster
3,2021-22,Delaware State,MEAC,25,12,656,8.2,21.2,0.389,3.5,7.7,0.456,4.7,13.5,0.35,5.6,6.7,0.833,4.9,2.2,1.6,0.1,3.1,3.0,26.8,,108.3,109.2,dominik-fragala
0,2020-21,Dixie State,WAC,3,0,38,11.4,19.9,0.571,8.5,12.8,0.667,2.8,7.1,0.4,0.0,0.0,,10.0,0.0,0.0,0.0,2.8,2.8,25.6,,103.1,107.6,mikey-frazier
2,2021-22,Harvard,Ivy,16,1,127,6.3,15.8,0.4,3.2,4.1,0.778,3.2,11.8,0.269,0.9,1.8,0.5,5.4,4.1,3.2,0.0,5.4,2.7,16.7,,85.7,99.5,spencer-freedman
2,2021-22,Jackson State,SWAC,4,3,65,3.7,12.1,0.308,2.8,6.5,0.429,0.9,5.6,0.167,1.9,2.8,0.667,9.3,0.0,0.9,0.0,1.9,8.4,10.3,,90.0,106.6,chris-freeman
1,2021-22,Weber State,Big Sky,2,0,5,0.0,11.3,0.0,0.0,0.0,,0.0,11.3,0.0,0.0,0.0,,11.3,0.0,0.0,0.0,0.0,11.3,0.0,,0.0,102.8,jake-furgerson
1,2021-22,UConn,Big East,5,0,9,0.0,13.3,0.0,0.0,13.3,0.0,0.0,0.0,,13.3,26.6,0.5,13.3,6.6,6.6,0.0,13.3,6.6,13.3,,47.4,83.7,matt-garry
0,2021-22,South Carolina State,MEAC,29,0,447,6.3,22.0,0.287,1.5,8.3,0.176,4.9,13.7,0.354,3.0,4.5,0.676,3.5,6.3,2.1,0.1,3.4,5.6,20.5,,96.2,102.6,rakeim-gary
0,2021-22,Montana State,Big Sky,5,0,33,10.5,29.6,0.353,3.5,7.0,0.5,7.0,22.7,0.308,0.0,0.0,,8.7,15.7,1.7,1.7,0.0,5.2,27.9,,128.3,99.2,mareng-gatkuoth
1,2021-22,St. John's (NY),Big East,4,0,5,10.8,21.6,0.5,10.8,21.6,0.5,0.0,0.0,,10.8,21.6,0.5,21.6,0.0,0.0,0.0,0.0,32.3,32.3,,122.0,101.6,artemios-gavalas
1,2020-21,Washington,Pac-12,1,0,1,0.0,0.0,,0.0,0.0,,0.0,0.0,,0.0,0.0,,0.0,0.0,0.0,0.0,0.0,0.0,0.0,,0.0,121.7,jonah-geron
0,2021-22,UTEP,CUSA,14,0,52,3.4,12.5,0.273,2.3,6.8,0.333,1.1,5.7,0.2,2.3,3.4,0.667,12.5,4.5,0.0,0.0,10.2,7.9,10.2,,60.6,103.1,kezza-giffa
1,2021-22,Dixie State,WAC,31,14,444,2.9,8.2,0.358,1.5,2.9,0.5,1.5,5.2,0.279,1.2,2.2,0.556,6.7,10.7,2.7,0.0,6.2,3.9,8.5,,84.7,101.4,brock-gilbert
1,2021-22,Appalachian State,Sun Belt,8,0,34,12.6,19.7,0.636,12.6,18.0,0.7,0.0,1.8,0.0,3.6,10.8,0.333,16.2,0.0,1.8,1.8,0.0,1.8,28.7,,127.9,96.6,sasha-glushkov
1,2021-22,Seton Hall,Big East,5,0,13,9.0,13.4,0.667,9.0,13.4,0.667,0.0,0.0,,4.5,4.5,1.0,4.5,4.5,9.0,0.0,0.0,17.9,22.4,,162.6,85.9,sylwester-granda
1,2021-22,Arkansas State,Sun Belt,14,0,76,8.3,16.7,0.5,7.6,15.1,0.5,0.8,1.5,0.5,5.3,8.3,0.636,11.4,0.8,0.0,0.8,2.3,9.8,22.7,,111.5,103.9,lazar-grbovic
0,2020-21,UMass-Lowell,AEC,1,0,2,0.0,0.0,,0.0,0.0,,0.0,0.0,,0.0,0.0,,0.0,0.0,0.0,0.0,28.9,28.9,0.0,,0.0,112.2,richie-greaves
2,2021-22,Denver,Summit,24,1,239,5.1,9.0,0.568,4.9,8.1,0.606,0.2,1.0,0.25,3.4,5.9,0.583,8.5,1.5,2.4,3.2,2.4,6.1,13.9,,110.5,105.5,tristan-green
0,2020-21,Coastal Carolina,Sun Belt,5,0,18,3.1,12.3,0.25,3.1,3.1,1.0,0.0,9.2,0.0,0.0,6.1,0.0,9.2,3.1,0.0,0.0,0.0,3.1,6.1,,60.9,100.0,mason-grigg
2,2021-22,Prairie View,SWAC,24,3,306,4.7,7.8,0.605,4.7,7.8,0.605,0.0,0.0,,0.2,2.7,0.067,12.2,2.0,2.2,1.1,1.8,3.5,9.7,,105.1,104.8,christian-guess
2,2021-22,UNC Asheville,Big South,12,0,121,6.8,17.0,0.4,2.9,4.9,0.6,3.9,12.2,0.32,1.9,2.9,0.667,6.3,2.9,1.9,0.0,2.4,4.4,19.5,,104.4,102.3,jordan-hairston
1,2021-22,Western Carolina,Southern,5,0,7,0.0,8.2,0.0,0.0,0.0,,0.0,8.2,0.0,0.0,0.0,,0.0,8.2,0.0,0.0,16.5,8.2,0.0,,18.3,121.4,brad-halvorsen
1,2021-22,North Dakota State,Summit,10,0,29,2.0,8.1,0.25,0.0,2.0,0.0,2.0,6.1,0.333,2.0,4.0,0.5,8.1,2.0,2.0,2.0,2.0,4.0,8.1,,80.3,97.8,grayson-haman
2,2020-21,San Jose State,MWC,6,0,56,2.0,10.9,0.182,0.0,2.0,0.0,2.0,8.9,0.222,3.9,3.9,1.0,2.0,3.0,2.0,0.0,2.0,6.9,9.9,,81.2,117.1,kaison-hammonds
0,2021-22,BYU,WCC,10,0,17,6.8,20.4,0.333,0.0,0.0,,6.8,20.4,0.333,0.0,0.0,,0.0,3.4,0.0,0.0,3.4,0.0,20.4,,96.2,109.4,nate-hansen
3,2021-22,Cal State Northridge,Big West,30,23,932,9.1,23.8,0.384,6.3,14.7,0.427,2.9,9.1,0.314,2.4,3.8,0.638,7.8,5.5,2.9,0.1,4.5,3.5,23.6,,91.2,107.4,elijah-hardy
2,2021-22,Cal State Northridge,Big West,20,13,458,6.1,17.1,0.357,3.2,7.2,0.444,2.9,10.0,0.293,0.7,0.8,0.833,9.4,1.5,0.8,1.9,2.0,4.1,15.8,,94.1,110.5,brendan-harrick
2,2020-21,North Carolina A&T,MEAC,18,9,363,7.3,20.0,0.363,5.3,14.7,0.364,1.9,5.3,0.361,6.5,7.9,0.83,6.5,4.7,2.8,0.1,7.7,5.5,23.0,,83.9,98.5,blake-harris
1,2021-22,Sacred Heart,NEC,2,0,16,3.6,3.6,1.0,3.6,3.6,1.0,0.0,0.0,,0.0,7.2,0.0,3.6,10.8,7.2,0.0,3.6,7.2,7.2,,96.9,99.3,quest-harris
0,2021-22,Fordham,A-10,23,2,193,2.4,10.0,0.242,2.4,7.2,0.333,0.0,2.7,0.0,3.3,4.8,0.688,6.0,2.4,2.7,0.6,3.6,6.6,8.2,,67.9,98.2,ahmad-harrison
3,2021-22,William & Mary,CAA,11,0,110,3.6,5.2,0.7,3.6,5.2,0.7,0.0,0.0,,3.1,4.7,0.667,11.4,1.6,2.6,5.2,3.6,6.8,10.4,,104.0,98.8,mehkel-harvey
1,2021-22,Dixie State,WAC,9,1,27,4.0,14.0,0.286,4.0,14.0,0.286,0.0,0.0,,4.0,4.0,1.0,12.0,8.0,0.0,0.0,2.0,2.0,12.0,,93.4,102.5,mark-hatch
0,2020-21,UC-Davis,Big West,1,0,2,28.3,56.6,0.5,28.3,56.6,0.5,0.0,0.0,,0.0,28.3,0.0,28.3,0.0,0.0,0.0,0.0,0.0,56.6,,76.8,92.0,noah-haynesworth
1,2021-22,Jacksonville State,A-Sun,15,0,62,2.9,11.5,0.25,1.0,3.8,0.25,1.9,7.7,0.25,3.8,7.7,0.5,10.5,8.6,3.8,0.0,4.8,3.8,11.5,,91.5,97.9,semaj-henderson
2,2020-21,Cal State Northridge,Big West,8,4,192,5.6,14.4,0.388,3.2,5.9,0.55,2.4,8.5,0.276,5.3,7.6,0.692,7.4,2.9,2.6,0.6,3.8,6.5,18.8,,99.0,109.9,vante-hendrix
1,2021-22,Colgate,Patriot,11,1,18,9.9,29.6,0.333,6.6,16.4,0.4,3.3,13.1,0.25,0.0,0.0,,6.6,3.3,0.0,3.3,0.0,19.7,23.0,,88.8,101.1,blake-henry
2,2021-22,Sacramento State,Big Sky,13,3,291,4.8,15.1,0.315,4.1,10.8,0.385,0.6,4.3,0.143,2.1,4.1,0.5,5.6,3.9,2.1,0.2,3.3,6.0,12.2,,75.5,108.7,deshaun-highler
1,2021-22,Niagara,MAAC,1,0,1,0.0,0.0,,0.0,0.0,,0.0,0.0,,0.0,0.0,,0.0,0.0,0.0,0.0,0.0,0.0,0.0,,0.0,111.2,tahjae-hill
0,2020-21,Western Illinois,Summit,20,10,334,9.0,23.6,0.379,4.9,11.6,0.423,4.1,12.1,0.338,2.8,3.4,0.81,12.5,1.1,2.1,0.7,2.0,6.4,24.8,,104.6,107.0,ramean-hinton
2,2021-22,Binghamton,AEC,22,5,249,8.4,20.0,0.417,5.7,10.0,0.571,2.6,10.0,0.262,1.4,1.9,0.75,7.2,5.0,1.4,0.0,6.7,6.2,20.8,,85.5,104.8,hakon-hjalmarsson
0,2021-22,Oregon State,Pac-12,2,0,2,0.0,0.0,,0.0,0.0,,0.0,0.0,,0.0,0.0,,59.0,0.0,0.0,0.0,0.0,0.0,0.0,,0.0,77.1,dyshawn-hobson
0,2020-21,UT-Martin,OVC,9,8,289,5.8,15.1,0.387,2.8,8.5,0.333,3.0,6.6,0.455,3.2,3.4,0.941,5.6,6.2,2.6,0.0,2.0,3.0,17.9,,116.3,113.2,eden-holt
1,2021-22,Portland State,Big Sky,2,0,15,3.7,22.2,0.167,0.0,11.1,0.0,3.7,11.1,0.333,0.0,0.0,,0.0,3.7,0.0,3.7,0.0,3.7,11.1,,67.3,108.9,kiimani-holt
1,2021-22,Kansas State,Big 12,5,0,4,0.0,0.0,,0.0,0.0,,0.0,0.0,,0.0,0.0,,14.8,0.0,0.0,0.0,0.0,0.0,0.0,,0.0,100.6,drew-honas
3,2020-21,Georgia,SEC,26,26,738,5.5,12.3,0.448,2.2,3.4,0.646,3.3,8.9,0.371,1.6,2.0,0.786,6.3,0.9,1.2,0.4,1.0,4.5,15.9,,127.1,108.5,pj-horne
1,2021-22,Mississippi Valley State,SWAC,5,4,33,1.7,5.0,0.333,1.7,5.0,0.333,0.0,0.0,,0.0,0.0,,11.7,3.3,0.0,3.3,8.3,13.4,3.3,,50.3,113.6,leeandre-howard
2,2021-22,Southeastern Louisiana,Southland,5,0,32,6.8,17.0,0.4,3.4,8.5,0.4,3.4,8.5,0.4,0.0,0.0,,10.2,0.0,1.7,1.7,3.4,1.7,17.0,,86.1,106.1,mckay-howell
2,2021-22,Omaha,Summit,30,10,556,10.4,20.3,0.51,10.3,20.0,0.513,0.1,0.3,0.333,6.3,9.7,0.656,11.8,0.7,1.2,0.6,5.9,8.7,27.2,,95.1,117.9,darrius-hughes
2,2021-22,Prairie View,SWAC,17,0,101,3.3,7.7,0.429,2.8,4.4,0.625,0.6,3.3,0.167,1.7,4.4,0.375,6.6,1.1,2.2,1.1,5.0,7.7,8.8,,65.0,106.3,jock-hughes
2,2021-22,High Point,Big South,5,0,27,4.4,13.1,0.333,0.0,2.2,0.0,4.4,10.9,0.4,0.0,2.2,0.0,6.6,4.4,0.0,0.0,4.4,8.8,13.1,,86.3,108.7,john-michael-hughes
1,2021-22,Holy Cross,Patriot,29,5,536,6.2,15.9,0.386,2.5,5.4,0.469,3.6,10.6,0.344,4.0,4.8,0.818,4.4,1.4,1.4,0.9,1.5,5.4,19.9,,112.8,108.9,dajion-humphrey
2,2021-22,Mississippi Valley State,SWAC,25,25,868,7.7,23.7,0.327,3.6,10.0,0.363,4.1,13.7,0.301,2.7,4.3,0.627,4.6,3.2,2.2,0.1,3.3,3.3,22.3,,86.2,115.0,caleb-hunter
2,2021-22,UNLV,MWC,2,0,8,14.9,37.3,0.4,14.9,14.9,1.0,0.0,22.4,0.0,0.0,0.0,,7.5,7.5,0.0,0.0,0.0,0.0,29.8,,94.6,105.2,trey-hurlburt
0,2021-22,Rice,CUSA,9,0,82,4.3,14.3,0.3,3.6,12.1,0.294,0.7,2.1,0.333,0.7,2.1,0.333,4.3,8.6,1.4,0.0,5.0,10.0,10.0,,74.2,110.3,noah-hutchins
0,2021-22,Binghamton,AEC,5,0,9,0.0,6.6,0.0,0.0,6.6,0.0,0.0,0.0,,6.6,13.2,0.5,0.0,13.2,6.6,0.0,0.0,6.6,6.6,,102.9,97.8,brett-hutchison
2,2021-22,Green Bay,Horizon,15,9,397,8.1,21.3,0.38,4.7,10.4,0.448,3.4,10.9,0.314,8.1,9.2,0.881,9.8,4.2,1.1,2.3,6.1,5.0,27.6,,98.0,106.2,donovan-ivory
1,2021-22,UTSA,CUSA,6,0,30,5.7,20.9,0.273,3.8,5.7,0.667,1.9,15.2,0.125,0.0,3.8,0.0,5.7,5.7,0.0,0.0,3.8,3.8,13.3,,65.2,109.8,artan-jabbar
1,2018-19,SIU-Edwardsville,OVC,13,0,114,5.4,11.2,0.478,4.9,10.2,0.476,0.5,1.0,0.5,4.4,7.8,0.563,15.1,1.5,1.0,0.5,2.9,5.9,15.6,,103.9,110.3,dj-jackson
0,2017-18,UC-Davis,Big West,18,0,205,2.6,9.6,0.273,1.4,4.9,0.294,1.2,4.6,0.25,0.6,2.0,0.286,9.3,4.1,2.0,0.3,2.3,3.8,7.0,,84.6,100.6,delveion-jackson
0,2021-22,North Carolina A&T,Big South,14,0,102,9.2,19.5,0.471,8.0,15.5,0.519,1.1,4.0,0.286,6.3,9.2,0.688,15.5,1.1,1.7,0.6,3.4,11.5,25.8,,108.3,101.9,jaylen-jackson
1,2021-22,Loyola (MD),Patriot,27,0,352,3.9,12.6,0.311,2.2,6.1,0.361,1.7,6.5,0.263,2.2,3.6,0.619,4.1,2.7,1.7,0.3,2.0,4.6,11.8,,85.4,103.6,wade-jackson
0,2020-21,Utah,Pac-12,1,0,2,0.0,0.0,,0.0,0.0,,0.0,0.0,,0.0,0.0,,29.6,29.6,0.0,29.6,0.0,0.0,0.0,,226.2,60.6,jack-jamele
1,2020-21,Georgia Tech,ACC,4,0,10,0.0,0.0,,0.0,0.0,,0.0,0.0,,0.0,0.0,,23.6,0.0,0.0,0.0,0.0,11.8,0.0,,221.1,100.0,jehloni-james
2,2021-22,Cal State Northridge,Big West,25,14,473,5.3,14.3,0.369,4.0,9.4,0.425,1.3,4.9,0.263,0.9,1.9,0.467,8.8,2.6,1.8,0.4,2.8,8.5,12.7,,84.4,109.4,miles-james
0,2021-22,Kent State,MAC,12,2,162,6.9,17.9,0.388,2.9,2.9,1.0,4.0,15.0,0.268,0.4,1.1,0.333,11.3,1.1,0.0,1.8,2.2,2.6,18.3,,100.3,101.0,dj-johnson
0,2021-22,Campbell,Big South,1,0,16,0.0,15.6,0.0,0.0,3.9,0.0,0.0,11.7,0.0,0.0,0.0,,7.8,0.0,0.0,0.0,0.0,0.0,0.0,,0.0,103.0,dakari-johnson
1,2021-22,Illinois State,MVC,11,0,31,5.6,22.4,0.25,0.0,3.7,0.0,5.6,18.6,0.3,0.0,0.0,,13.1,3.7,0.0,0.0,1.9,0.0,16.8,,94.9,112.7,jayden-johnson
1,2017-18,UNLV,MWC,33,33,1132,5.9,13.9,0.428,3.6,7.9,0.457,2.3,6.0,0.389,7.3,8.7,0.841,4.5,9.5,1.9,0.4,4.3,3.6,21.6,,119.8,108.7,jordan-johnson
1,2017-18,UNLV,MWC,33,33,1132,5.9,13.9,0.428,3.6,7.9,0.457,2.3,6.0,0.389,7.3,8.7,0.841,4.5,9.5,1.9,0.4,4.3,3.6,21.6,,119.8,108.7,jordan-johnson
3,2021-22,Florida,SEC,1,1,0,,,,,,,,,,,,,,,,,,,,,,,keyontae-johnson
2,2021-22,UCF,AAC,4,0,27,8.7,28.3,0.308,0.0,13.1,0.0,8.7,15.2,0.571,0.0,0.0,,6.5,2.2,2.2,0.0,6.5,2.2,26.1,,81.9,104.5,tony-johnsonjr
3,2019-20,St. Peter's,MAAC,26,1,350,4.3,13.8,0.313,1.3,3.8,0.348,3.0,10.0,0.3,3.2,4.0,0.792,6.3,3.0,2.7,0.3,3.3,4.8,14.8,,95.4,95.9,cameron-jones
3,2017-18,Kennesaw State,A-Sun,30,30,661,6.9,12.7,0.547,6.9,12.6,0.55,0.0,0.1,0.0,2.5,3.8,0.644,12.1,2.8,1.8,0.8,2.4,6.4,16.4,,110.2,108.0,jordan-jones
1,2021-22,Jackson State,SWAC,1,0,0,,,,,,,,,,,,1.0,,,,,,,,,,,darryl-jordan
2,2021-22,Milwaukee,Horizon,3,0,25,2.4,7.1,0.333,2.4,7.1,0.333,0.0,0.0,,0.0,0.0,,25.9,4.7,0.0,0.0,4.7,9.4,4.7,,79.7,100.1,samba-kane
3,2021-22,LIU,NEC,30,30,849,9.6,18.0,0.536,9.4,16.6,0.564,0.3,1.3,0.19,3.7,6.0,0.606,14.5,1.9,1.3,0.6,4.4,4.3,23.2,,101.8,101.5,isaac-kante
0,2021-22,North Carolina Central,MEAC,11,0,99,5.7,8.0,0.714,5.7,8.0,0.714,0.0,0.0,,1.1,4.0,0.286,12.5,1.1,0.0,1.1,5.1,10.8,12.5,,88.4,99.4,samuel-keita
0,2021-22,East Carolina,AAC,2,0,1,0.0,0.0,,0.0,0.0,,0.0,0.0,,0.0,0.0,,0.0,0.0,0.0,0.0,0.0,0.0,0.0,,0.0,115.3,brenden-kelly
3,2021-22,Delaware State,MEAC,18,10,321,6.5,19.8,0.327,4.4,12.1,0.362,2.1,7.7,0.273,1.6,3.7,0.429,9.7,1.2,1.2,0.5,4.2,5.1,16.7,,73.9,106.1,zach-kent
0,2021-22,Western Michigan,MAC,15,0,175,3.1,8.9,0.346,2.1,4.1,0.5,1.0,4.8,0.214,4.5,7.9,0.565,3.8,2.1,2.7,0.0,3.1,5.5,11.7,,87.7,114.4,cameron-kimble
2,2021-22,Middle Tennessee,CUSA,26,0,211,8.1,19.2,0.42,4.4,6.7,0.667,3.6,12.5,0.289,3.1,3.9,0.786,7.5,1.4,2.5,0.8,1.7,3.6,22.8,,113.7,99.3,elias-king
2,2021-22,California,Pac-12,4,0,26,7.1,16.6,0.429,7.1,14.2,0.5,0.0,2.4,0.0,0.0,0.0,,9.5,0.0,0.0,2.4,2.4,4.7,14.2,,82.2,104.6,dimitrios-klonaras
3,2021-22,Niagara,MAAC,15,0,76,8.0,12.8,0.625,8.0,12.8,0.625,0.0,0.0,,0.0,4.0,0.0,11.2,1.6,2.4,0.0,4.0,7.2,16.0,,92.7,99.7,nicholas-kratholm
0,2021-22,Canisius,MAAC,2,0,12,4.8,9.6,0.5,0.0,0.0,,4.8,9.6,0.5,0.0,0.0,,14.4,4.8,0.0,0.0,4.8,0.0,14.4,,113.2,106.8,brandon-kulakowski
0,2021-22,Longwood,Big South,12,0,51,4.6,10.4,0.444,2.3,4.6,0.5,2.3,5.8,0.4,6.9,6.9,1.0,8.1,6.9,0.0,1.2,8.1,8.1,18.5,,100.7,102.5,gakhari-lacount
1,2021-22,Cal State Fullerton,Big West,19,0,118,4.0,11.6,0.348,4.0,11.6,0.348,0.0,0.0,,9.1,12.1,0.75,8.1,0.5,0.0,3.0,5.0,12.1,17.2,,94.7,105.8,lado-laku
2,2021-22,UIC,Horizon,5,0,39,14.8,19.2,0.769,14.8,17.7,0.833,0.0,1.5,0.0,8.9,8.9,1.0,17.7,3.0,1.5,3.0,4.4,13.3,38.4,,144.4,100.9,marcus-larsson
1,2021-22,Alabama A&M,SWAC,14,0,86,2.7,10.9,0.25,2.7,10.9,0.25,0.0,0.0,,2.0,2.7,0.75,19.7,1.4,1.4,4.1,4.8,8.9,7.5,,68.9,92.2,abba-lawal
0,2021-22,NJIT,AEC,19,17,560,6.7,13.9,0.481,6.3,11.4,0.551,0.4,2.5,0.167,2.1,3.5,0.606,11.6,4.5,3.8,1.4,4.7,5.0,15.9,,91.3,97.6,james-lee
2,2021-22,Troy,Sun Belt,18,9,199,4.1,9.9,0.412,3.5,5.5,0.632,0.6,4.4,0.133,1.7,2.3,0.75,7.6,7.0,3.2,0.9,4.4,6.1,10.5,,95.0,95.0,jakevan-leftridge
4,2021-22,New Hampshire,AEC,26,5,247,4.3,10.7,0.405,2.3,4.6,0.5,2.0,6.1,0.333,2.0,2.8,0.727,6.6,1.5,1.5,1.3,2.5,5.6,12.7,,106.3,106.2,chris-lester
2,2021-22,Niagara,MAAC,26,2,211,2.9,5.2,0.556,2.6,3.5,0.75,0.3,1.7,0.167,0.6,1.7,0.333,5.8,2.0,2.0,0.3,2.0,6.6,6.6,,92.4,101.9,steven-levnaic
2,2021-22,Chicago State,WAC,6,1,57,5.3,20.0,0.263,4.2,12.6,0.333,1.1,7.4,0.143,5.3,7.4,0.714,8.4,2.1,2.1,1.1,4.2,4.2,16.8,,76.3,111.7,andrew-lewis
0,2020-21,North Texas,CUSA,23,0,212,10.4,17.4,0.6,9.5,15.0,0.635,0.9,2.3,0.375,5.5,6.9,0.792,15.3,4.1,3.8,0.6,4.1,4.3,27.2,,123.5,89.7,terence-lewisii
3,2021-22,Alabama State,SWAC,26,20,726,7.1,16.4,0.432,5.8,12.8,0.452,1.3,3.6,0.362,4.9,7.4,0.656,11.2,3.2,1.9,2.0,4.1,6.7,20.4,,99.1,104.4,gerald-liddell
3,2021-22,Colgate,Patriot,16,1,42,2.8,7.0,0.4,2.8,7.0,0.4,0.0,0.0,,2.8,2.8,1.0,9.9,5.6,1.4,0.0,4.2,5.6,8.4,,88.4,100.6,zach-light
1,2021-22,Maryland-Eastern Shore,MEAC,21,19,622,6.3,15.3,0.413,3.2,6.2,0.515,3.1,9.1,0.343,4.5,6.1,0.742,6.6,3.9,2.3,0.4,2.4,2.5,20.3,,114.2,98.0,dom-london
1,2021-22,American,Patriot,1,0,1,0.0,0.0,,0.0,0.0,,0.0,0.0,,0.0,0.0,,0.0,0.0,0.0,0.0,0.0,0.0,0.0,,0.0,116.8,christian-lorng
0,2019-20,Grambling,SWAC,2,0,7,8.0,23.9,0.333,8.0,8.0,1.0,0.0,15.9,0.0,0.0,0.0,,15.9,0.0,0.0,0.0,0.0,8.0,15.9,,75.8,95.5,david-loville
0,2021-22,McNeese State,Southland,10,0,53,5.1,14.2,0.357,5.1,14.2,0.357,0.0,0.0,,0.0,3.1,0.0,11.2,2.0,7.1,1.0,4.1,3.1,10.2,,77.5,94.9,jonathan-lucas
0,2020-21,Campbell,Big South,8,0,24,0.0,5.1,0.0,0.0,2.5,0.0,0.0,2.5,0.0,2.5,5.1,0.5,12.7,5.1,2.5,0.0,0.0,10.1,2.5,,90.8,99.3,ethan-lynch
0,2021-22,Niagara,MAAC,19,0,170,6.8,21.8,0.311,3.9,9.7,0.407,2.9,12.2,0.235,3.6,4.3,0.833,6.1,3.6,1.8,0.0,1.4,3.6,20.1,,93.8,103.3,julian-mackey
0,2020-21,Tarleton State,WAC,12,1,73,11.1,25.3,0.438,11.1,23.8,0.467,0.0,1.6,0.0,7.1,11.9,0.6,8.7,3.2,7.1,2.4,4.0,7.1,29.3,,95.5,80.8,joey-madimba
0,2021-22,Green Bay,Horizon,6,0,34,7.3,23.6,0.308,7.3,14.5,0.5,0.0,9.1,0.0,7.3,9.1,0.8,16.3,0.0,0.0,0.0,1.8,1.8,21.8,,94.6,112.5,tutu-majok
0,2021-22,Northern Illinois,MAC,21,1,145,3.6,8.9,0.409,2.0,4.4,0.455,1.6,4.4,0.364,4.0,5.2,0.769,10.5,1.6,1.2,1.6,2.0,9.3,12.9,,113.9,105.4,edward-manuel
2,2021-22,Chicago State,WAC,7,0,65,3.7,16.6,0.222,1.8,5.5,0.333,1.8,11.1,0.167,0.9,3.7,0.25,8.3,0.9,1.8,1.8,2.8,4.6,10.1,,68.2,114.7,carlo-marble
3,2021-22,South Carolina,SEC,31,1,367,5.0,11.2,0.446,4.8,10.0,0.485,0.2,1.2,0.125,1.1,1.7,0.636,11.5,2.9,1.7,0.6,3.2,3.9,11.2,,94.6,100.2,brandon-martin
3,2021-22,North Alabama,A-Sun,20,0,179,5.1,13.0,0.39,1.9,3.2,0.6,3.2,9.8,0.323,1.3,1.6,0.8,13.0,2.8,2.2,1.3,2.5,5.7,14.6,,109.3,95.5,aleksa-matic
3,2021-22,UNC,ACC,7,1,14,0.0,12.2,0.0,0.0,8.1,0.0,0.0,4.1,0.0,0.0,0.0,,12.2,0.0,4.1,0.0,4.1,8.1,0.0,,18.3,97.4,ryan-mcadoo
0,2021-22,Prairie View,SWAC,8,0,54,3.1,12.4,0.25,3.1,10.3,0.3,0.0,2.1,0.0,2.1,4.1,0.5,2.1,5.2,1.0,0.0,6.2,6.2,8.3,,58.2,114.4,miles-mcdougal
1,2021-22,Rider,MAAC,16,1,106,4.4,12.7,0.348,2.8,8.3,0.333,1.7,4.4,0.375,5.5,6.6,0.833,10.5,2.2,2.8,0.0,5.0,8.3,16.0,,94.1,102.0,jaelen-mcglone
0,2021-22,North Dakota,Summit,1,0,27,0.0,0.0,,0.0,0.0,,0.0,0.0,,0.0,0.0,,0.0,0.0,0.0,0.0,0.0,0.0,0.0,,0.0,122.5,gavin-mcgrath
0,2020-21,James Madison,CAA,5,0,8,13.8,34.5,0.4,13.8,27.6,0.5,0.0,6.9,0.0,0.0,0.0,,13.8,0.0,6.9,0.0,0.0,0.0,27.6,,85.4,82.5,tyce-mcnair
0,2021-22,Radford,Big South,25,3,386,6.8,19.5,0.35,4.6,11.1,0.414,2.2,8.4,0.264,1.9,2.7,0.706,6.7,2.7,2.1,0.0,4.4,3.2,17.7,,80.2,104.0,camron-mcneil
3,2021-22,UC-Riverside,Big West,3,0,24,5.0,22.7,0.222,5.0,15.1,0.333,0.0,7.6,0.0,2.5,5.0,0.5,15.1,7.6,2.5,0.0,7.6,10.1,12.6,,61.2,93.2,angus-mcwilliam
1,2021-22,San Jose State,MWC,2,0,24,5.0,22.6,0.222,0.0,7.5,0.0,5.0,15.1,0.333,0.0,0.0,,12.6,17.6,5.0,0.0,5.0,2.5,15.1,,93.7,103.0,sebastian-mendoza
1,2021-22,Elon,CAA,13,1,25,0.0,11.9,0.0,0.0,0.0,,0.0,11.9,0.0,11.9,16.7,0.714,7.1,0.0,2.4,0.0,0.0,7.1,11.9,,74.2,107.6,charles-mendys
0,2021-22,Maryland-Eastern Shore,MEAC,26,0,208,9.6,26.3,0.365,2.7,5.2,0.526,6.9,21.1,0.325,0.8,1.4,0.6,8.2,0.5,2.2,0.5,3.3,6.6,26.9,,94.6,96.9,mike-mensah
0,2021-22,Brown,Ivy,19,3,153,5.6,12.8,0.441,5.6,10.5,0.536,0.0,2.3,0.0,5.3,8.6,0.609,10.1,3.4,3.4,0.8,5.3,6.8,16.5,,88.5,97.3,noah-meren
2,2021-22,Austin Peay,OVC,13,1,143,6.3,17.4,0.366,3.4,7.2,0.471,3.0,10.2,0.292,4.2,5.9,0.714,12.7,1.3,0.8,3.4,3.0,11.0,19.9,,98.2,101.0,corbin-merritt
1,2021-22,Indiana State,MVC,9,0,44,2.6,6.5,0.4,2.6,6.5,0.4,0.0,0.0,,0.0,0.0,,9.2,5.2,3.9,0.0,6.5,1.3,5.2,,56.8,98.0,sam-mervis
1,2021-22,Wagner,NEC,11,1,153,5.7,11.1,0.517,5.7,11.1,0.517,0.0,0.0,,2.3,4.2,0.545,10.3,5.7,2.7,0.0,3.1,6.1,13.8,,110.5,95.4,ashton-miller
0,2020-21,Eastern Illinois,OVC,1,0,1,0.0,57.0,0.0,0.0,57.0,0.0,0.0,0.0,,0.0,0.0,,0.0,0.0,0.0,0.0,0.0,0.0,0.0,,0.0,117.9,isaac-miller
1,2020-21,Washington State,Pac-12,10,0,109,2.7,12.3,0.217,2.7,9.6,0.278,0.0,2.7,0.0,4.8,11.2,0.429,13.9,3.7,0.5,0.5,5.9,7.0,10.2,,65.4,99.4,tony-miller
1,2020-21,Coastal Carolina,Sun Belt,5,0,20,8.3,13.8,0.6,0.0,2.8,0.0,8.3,11.1,0.75,0.0,0.0,,0.0,0.0,2.8,0.0,5.5,0.0,24.9,,110.5,101.4,jalen-milner
0,2021-22,Portland,WCC,11,0,68,1.6,9.8,0.167,0.8,4.9,0.167,0.8,4.9,0.167,3.3,4.9,0.667,11.4,2.5,2.5,0.0,4.9,4.9,7.4,,56.3,97.7,nikola-milosevic
1,2021-22,Eastern Kentucky,A-Sun,12,1,57,1.0,7.7,0.125,0.0,3.8,0.0,1.0,3.8,0.25,0.0,0.0,,4.8,3.8,2.9,0.0,2.9,7.7,2.9,,50.5,103.7,isaiah-minter
2,2021-22,UMass,A-10,16,1,126,2.8,6.4,0.429,2.8,5.5,0.5,0.0,0.9,0.0,1.4,1.8,0.75,6.0,6.0,4.6,0.0,4.1,5.5,6.9,,92.4,110.1,kolton-mitchell
2,2021-22,Bethune-Cookman,SWAC,12,0,56,1.1,4.2,0.25,1.1,3.2,0.333,0.0,1.1,0.0,2.1,4.2,0.5,8.5,1.1,1.1,0.0,3.2,3.2,4.2,,62.1,108.0,matthew-mondesir
1,2021-22,Western Carolina,Southern,23,0,210,5.5,14.6,0.377,3.8,9.3,0.412,1.6,5.2,0.316,4.4,6.3,0.696,10.4,0.8,1.1,0.0,3.0,5.5,17.0,,98.8,114.7,madison-monroe
1,2021-22,Stephen F. Austin,WAC,3,0,12,13.9,23.2,0.6,13.9,18.6,0.75,0.0,4.6,0.0,9.3,9.3,1.0,18.6,4.6,4.6,0.0,0.0,9.3,37.1,,152.6,81.8,jules-moor
0,2018-19,Wichita State,AAC,4,0,20,2.9,11.5,0.25,2.9,8.7,0.333,0.0,2.9,0.0,2.9,5.8,0.5,8.7,0.0,0.0,0.0,5.8,5.8,8.7,,66.0,110.5,chance-moore
2,2021-22,Charleston Southern,Big South,21,4,197,5.1,12.0,0.429,0.6,1.4,0.4,4.6,10.5,0.432,1.4,3.1,0.455,9.7,2.3,0.9,0.3,2.0,5.1,16.2,,118.0,110.8,jamir-moore
1,2021-22,Alcorn State,SWAC,5,0,52,4.5,13.4,0.333,4.5,11.2,0.4,0.0,2.2,0.0,3.3,4.5,0.75,5.6,3.3,4.5,0.0,3.3,4.5,12.3,,84.0,102.3,marco-morency
2,2021-22,Notre Dame,ACC,6,0,14,0.0,8.7,0.0,0.0,8.7,0.0,0.0,0.0,,26.0,26.0,1.0,13.0,17.3,8.7,0.0,4.3,0.0,26.0,,142.7,86.3,elijah-morgan
3,2021-22,McNeese State,Southland,9,0,209,6.5,18.1,0.357,2.6,6.2,0.417,3.9,11.9,0.326,1.3,2.8,0.455,5.4,4.1,2.1,0.5,6.5,4.9,18.1,,82.9,105.5,tj-moss
1,2021-22,Southern Utah,Big Sky,10,0,52,3.3,8.7,0.375,3.3,8.7,0.375,0.0,0.0,,1.1,4.3,0.25,16.3,0.0,1.1,4.3,1.1,5.4,7.6,,102.0,99.3,malik-muhammad
1,2021-22,UC-Davis,Big West,24,0,262,4.3,8.3,0.514,4.3,8.1,0.528,0.0,0.2,0.0,2.7,4.9,0.545,14.4,0.7,1.1,0.7,2.0,9.9,11.2,,108.8,98.4,aaron-murphy
1,2021-22,NJIT,AEC,10,0,37,9.6,22.5,0.429,9.6,22.5,0.429,0.0,0.0,,3.2,9.6,0.333,16.1,3.2,1.6,3.2,1.6,0.0,22.5,,97.4,102.1,jason-murphy
3,2021-22,New Orleans,Southland,28,1,355,7.2,12.5,0.578,7.2,12.5,0.578,0.0,0.0,,2.4,3.8,0.64,10.4,2.4,1.8,1.1,3.3,8.4,16.8,,106.9,99.7,jahmel-myers
1,2021-22,Iona,MAAC,33,1,517,6.7,19.1,0.353,3.2,8.8,0.363,3.5,10.2,0.344,2.5,4.0,0.639,5.5,3.5,1.2,0.4,3.3,5.3,19.5,,93.2,103.2,ryan-myers
0,2021-22,Northern Illinois,MAC,7,0,21,2.8,5.6,0.5,2.8,5.6,0.5,0.0,0.0,,8.3,27.8,0.3,27.8,0.0,2.8,0.0,0.0,0.0,13.9,,103.2,96.8,montavious-myrick
0,2021-22,NJIT,AEC,2,0,7,0.0,25.5,0.0,0.0,17.0,0.0,0.0,8.5,0.0,0.0,0.0,,0.0,0.0,0.0,0.0,0.0,8.5,0.0,,0.0,114.5,jacob-mansson
0,2020-21,Georgia,SEC,14,0,93,5.1,13.6,0.375,2.3,5.1,0.444,2.8,8.5,0.333,0.0,0.0,,10.8,1.1,1.1,1.7,3.4,2.8,13.1,,89.1,104.0,jonathan-ned
0,2020-21,South Carolina State,MEAC,13,0,100,5.0,12.7,0.391,4.4,11.0,0.4,0.6,1.7,0.333,1.1,1.7,0.667,8.3,0.0,1.1,0.0,4.4,5.0,11.6,,70.4,111.3,quamain-nelson
2,2021-22,Central Connecticut,NEC,18,7,283,3.8,17.3,0.222,2.3,9.2,0.256,1.5,8.1,0.184,2.6,4.1,0.632,3.4,2.6,1.9,0.0,3.0,5.8,11.7,,66.0,112.9,zach-newkirk
2,2021-22,Oakland,Horizon,14,1,52,8.9,15.6,0.571,8.9,14.5,0.615,0.0,1.1,0.0,1.1,3.3,0.333,7.8,7.8,5.6,0.0,3.3,5.6,18.9,,113.4,96.6,emmanuel-newsome
2,2020-21,Fairfield,MAAC,22,2,257,6.0,16.2,0.368,4.5,12.4,0.365,1.4,3.8,0.375,0.5,2.4,0.2,20.3,4.5,1.7,1.2,5.0,7.6,13.8,,84.6,97.5,tshiefu-ngalakulondi
3,2021-22,Florida Atlantic,CUSA,32,0,206,7.9,17.8,0.444,7.9,15.8,0.5,0.0,2.0,0.0,2.8,3.4,0.833,14.4,0.8,2.3,0.8,1.4,4.5,18.6,,112.5,99.6,madiaw-niang
1,2021-22,LIU,NEC,9,1,32,6.8,13.6,0.5,1.7,3.4,0.5,5.1,10.2,0.5,0.0,0.0,,0.0,3.4,1.7,1.7,6.8,5.1,18.8,,88.4,107.7,devin-nicholson
2,2021-22,Lamar,WAC,15,5,253,8.9,15.9,0.559,8.9,15.9,0.559,0.0,0.0,,2.1,4.4,0.474,19.4,1.4,0.7,3.0,5.6,6.1,19.9,,96.1,106.5,corey-nickerson
3,2021-22,Virginia,ACC,2,0,4,0.0,16.7,0.0,0.0,16.7,0.0,0.0,0.0,,0.0,0.0,,16.7,0.0,0.0,0.0,0.0,0.0,0.0,,0.0,99.9,jayden-nixon
3,2021-22,Weber State,Big Sky,6,0,26,0.0,15.2,0.0,0.0,10.8,0.0,0.0,4.3,0.0,8.7,13.0,0.667,17.3,0.0,2.2,2.2,2.2,0.0,8.7,,56.0,94.8,david-nzekwesi
1,2020-21,Chattanooga,Southern,3,0,21,11.1,33.3,0.333,8.3,25.0,0.333,2.8,8.3,0.333,5.6,11.1,0.5,11.1,2.8,2.8,0.0,2.8,8.3,30.5,,91.7,102.6,prosper-obidiebube
2,2021-22,Loyola (MD),Patriot,1,1,4,0.0,15.0,0.0,0.0,15.0,0.0,0.0,0.0,,0.0,0.0,,0.0,0.0,0.0,0.0,15.0,15.0,0.0,,0.0,109.4,casmir-ochiaka
0,2021-22,Purdue-Fort Wayne,Horizon,5,0,30,13.5,19.2,0.7,5.8,7.7,0.75,7.7,11.5,0.667,0.0,1.9,0.0,3.8,1.9,3.8,1.9,1.9,3.8,34.6,,141.8,97.9,rj-ogom
0,2021-22,Pacific,WCC,14,0,40,0.0,0.0,,0.0,0.0,,0.0,0.0,,0.0,2.9,0.0,7.2,7.2,2.9,2.9,5.8,12.9,0.0,,41.6,100.2,gabe-oliveira
3,2021-22,Old Dominion,CUSA,32,11,562,2.9,9.6,0.303,1.7,3.6,0.485,1.2,6.1,0.196,1.8,3.0,0.607,6.8,3.5,1.6,0.4,2.7,6.5,8.9,,84.7,106.0,aj-oliverii
2,2020-21,Minnesota,Big Ten,7,0,69,3.3,5.7,0.571,3.3,5.7,0.571,0.0,0.0,,3.3,4.9,0.667,13.1,4.9,7.4,2.5,2.5,15.6,9.8,,118.3,86.8,jarvis-omersa
0,2021-22,Holy Cross,Patriot,3,0,8,7.4,14.7,0.5,7.4,14.7,0.5,0.0,0.0,,0.0,0.0,,7.4,14.7,0.0,0.0,0.0,0.0,14.7,,145.0,115.8,tomer-oron
0,2021-22,Penn State,Big Ten,2,0,3,0.0,42.5,0.0,0.0,42.5,0.0,0.0,0.0,,0.0,0.0,,0.0,0.0,21.2,0.0,21.2,21.2,0.0,,0.0,64.5,irekefe-oweh
1,2021-22,Jacksonville State,A-Sun,28,1,321,5.4,10.5,0.509,4.6,6.6,0.694,0.7,3.9,0.19,3.3,5.9,0.563,13.1,3.3,2.4,2.2,2.4,2.8,14.8,,114.7,96.6,jay-pal
1,2021-22,Milwaukee,Horizon,5,0,7,0.0,8.4,0.0,0.0,8.4,0.0,0.0,0.0,,0.0,0.0,,25.2,8.4,0.0,0.0,8.4,8.4,0.0,,25.7,94.4,nick-pappas
0,2021-22,Florida International,CUSA,9,0,41,12.7,17.0,0.75,12.7,15.6,0.818,0.0,1.4,0.0,7.1,12.7,0.556,4.2,1.4,4.2,0.0,4.2,8.5,32.5,,117.8,101.4,daniel-parrish
0,2020-21,Kansas City,Summit,8,0,74,7.3,15.4,0.474,4.9,7.3,0.667,2.4,8.1,0.3,0.0,0.0,,7.3,5.7,0.8,0.8,4.1,6.5,17.1,,97.1,98.1,paxton-payne
2,2021-22,Kentucky,SEC,9,0,13,8.9,26.7,0.333,8.9,13.3,0.667,0.0,13.3,0.0,17.8,17.8,1.0,8.9,0.0,4.4,0.0,4.4,4.4,35.6,,106.3,92.1,zan-payne
0,2021-22,Pitt,ACC,13,0,40,6.2,9.3,0.667,4.7,7.8,0.6,1.6,1.6,1.0,1.6,4.7,0.333,15.6,4.7,1.6,1.6,7.8,9.3,15.6,,92.5,105.8,chris-payton
0,2021-22,Washington,Pac-12,6,0,9,12.6,25.2,0.5,0.0,6.3,0.0,12.6,18.9,0.667,0.0,0.0,,6.3,6.3,6.3,0.0,12.6,0.0,37.9,,101.2,95.7,dominiq-penn
0,2021-22,Fairleigh Dickinson,NEC,9,0,23,2.5,2.5,1.0,2.5,2.5,1.0,0.0,0.0,,2.5,4.9,0.5,12.4,0.0,2.5,0.0,2.5,9.9,7.4,,135.0,116.9,robby-phillips
0,2020-21,Nebraska,Big Ten,10,0,18,3.0,3.0,1.0,0.0,0.0,,3.0,3.0,1.0,3.0,6.1,0.5,6.1,0.0,0.0,0.0,3.0,0.0,12.2,,120.0,112.1,jace-piatkowski
0,2020-21,Detroit,Horizon,2,0,4,14.7,29.3,0.5,14.7,29.3,0.5,0.0,0.0,,0.0,0.0,,0.0,0.0,0.0,0.0,0.0,0.0,29.3,,101.2,120.1,jamail-pink
1,2021-22,Houston Baptist,Southland,4,0,17,9.8,32.6,0.3,9.8,29.3,0.333,0.0,3.3,0.0,0.0,0.0,,32.6,3.3,0.0,3.3,0.0,6.5,19.6,,96.3,101.7,collin-plummer
0,2020-21,Chicago State,WAC,6,4,150,7.1,15.7,0.452,6.0,11.6,0.516,1.1,4.1,0.273,1.1,1.5,0.75,4.5,1.5,1.1,0.7,3.4,5.6,16.5,,85.8,128.9,jordan-polynice
1,2021-22,Rider,MAAC,27,0,316,5.9,16.1,0.368,3.5,8.3,0.422,2.4,7.8,0.31,1.5,1.5,1.0,5.7,1.7,1.3,0.4,2.6,2.4,15.8,,91.4,106.3,jeremiah-pope
0,2021-22,Bethune-Cookman,SWAC,8,0,15,11.9,19.8,0.6,11.9,15.8,0.75,0.0,4.0,0.0,0.0,0.0,,4.0,0.0,0.0,0.0,7.9,7.9,23.8,,78.5,111.9,shakur-poteat
1,2021-22,Northwestern State,Southland,9,0,49,6.7,13.4,0.5,3.3,4.5,0.75,3.3,8.9,0.375,0.0,0.0,,2.2,2.2,0.0,1.1,3.3,2.2,16.7,,101.8,118.7,jordan-potts
1,2021-22,UC-San Diego,Big West,7,1,44,8.0,18.6,0.429,8.0,15.9,0.5,0.0,2.7,0.0,2.7,2.7,1.0,8.0,4.0,1.3,0.0,1.3,0.0,18.6,,97.6,105.1,justin-pratt
1,2021-22,North Carolina Central,MEAC,14,0,219,9.0,21.7,0.417,6.4,10.6,0.61,2.6,11.1,0.233,0.0,0.3,0.0,6.2,2.6,3.9,0.5,2.6,2.8,20.6,,99.5,96.1,asanti-price
4,2021-22,Charleston Southern,Big South,20,11,407,6.2,11.4,0.542,5.8,10.1,0.575,0.4,1.4,0.3,3.7,6.3,0.587,11.7,5.1,3.0,0.7,6.6,5.9,16.5,,92.7,104.2,sean-price
0,2021-22,Hawaii,Big West,9,0,15,0.0,16.1,0.0,0.0,12.1,0.0,0.0,4.0,0.0,0.0,8.1,0.0,20.2,0.0,0.0,0.0,0.0,16.1,0.0,,28.7,98.2,jaka-prevodnik
1,2021-22,Alabama,SEC,3,0,3,0.0,36.4,0.0,0.0,36.4,0.0,0.0,0.0,,0.0,54.6,0.0,54.6,18.2,0.0,0.0,18.2,18.2,0.0,,27.3,86.1,jaden-quinerly
2,2021-22,Idaho,Big Sky,24,6,412,3.8,11.8,0.322,0.5,1.9,0.286,3.3,9.9,0.329,0.4,0.4,1.0,2.9,1.9,0.5,0.0,1.6,3.3,11.3,,92.2,116.9,gabe-quinnett
2,2021-22,Texas Southern,SWAC,30,12,522,5.7,12.6,0.452,5.5,11.2,0.49,0.2,1.4,0.154,3.1,4.8,0.636,15.1,1.9,1.0,1.2,3.4,5.5,14.7,,98.5,95.2,yahuza-rasas
0,2021-22,Texas A&M-Corpus Christi,Southland,4,0,30,11.1,24.0,0.462,11.1,20.3,0.545,0.0,3.7,0.0,5.5,7.4,0.75,16.6,7.4,5.5,0.0,5.5,1.8,27.6,,102.5,86.7,donovan-ray
1,2021-22,Eastern Kentucky,A-Sun,5,0,6,9.1,45.7,0.2,0.0,9.1,0.0,9.1,36.5,0.25,0.0,0.0,,0.0,0.0,0.0,0.0,9.1,27.4,27.4,,53.7,112.5,jordan-reeves-young
1,2021-22,Long Beach State,Big West,21,0,94,2.4,8.3,0.286,1.2,3.6,0.333,1.2,4.7,0.25,4.2,8.9,0.467,7.1,1.2,1.2,0.0,7.1,6.5,10.1,,63.1,107.0,rj-rhoden
0,2021-22,UCF,AAC,1,0,0,,,,,,,,,,,,,,,,,,,,,,,edxavior-rhodes
0,2021-22,Delaware State,MEAC,17,0,189,4.8,12.5,0.381,2.7,5.4,0.5,2.1,7.2,0.292,1.8,3.9,0.462,5.4,4.2,1.8,0.0,2.4,3.3,13.4,,96.4,108.6,avery-richardson
2,2021-22,LIU,NEC,26,8,667,4.9,12.7,0.387,1.5,3.4,0.429,3.4,9.2,0.372,1.7,3.1,0.553,7.9,5.4,1.5,0.6,2.6,4.9,15.0,,105.8,103.5,alex-rivera
0,2021-22,Chicago State,WAC,12,0,95,6.3,17.0,0.37,5.7,11.4,0.5,0.6,5.7,0.111,3.2,3.2,1.0,13.2,3.2,3.2,0.0,4.4,8.8,16.4,,92.0,108.8,jincho-rivera
1,2021-22,Lamar,WAC,27,20,775,9.8,24.8,0.394,7.4,17.0,0.435,2.4,7.8,0.304,5.9,8.2,0.72,5.0,4.9,2.2,0.5,5.7,5.6,27.8,,93.1,111.1,cj-roberts
0,2021-22,Northern Arizona,Big Sky,6,0,27,13.1,21.9,0.6,13.1,21.9,0.6,0.0,0.0,,6.6,8.7,0.75,10.9,2.2,2.2,0.0,2.2,10.9,32.8,,121.6,105.5,spencer-roberts
1,2021-22,Stetson,A-Sun,5,0,14,12.7,29.6,0.429,4.2,8.5,0.5,8.5,21.2,0.4,12.7,12.7,1.0,8.5,0.0,0.0,4.2,4.2,0.0,46.6,,127.0,112.1,davante-robinson
1,2021-22,Florida Gulf Coast,A-Sun,6,0,45,8.8,25.3,0.35,0.0,0.0,,8.8,25.3,0.35,6.3,7.6,0.833,13.9,3.8,1.3,0.0,1.3,1.3,32.9,,127.8,104.2,victor-rosa
0,2021-22,St. John's (NY),Big East,4,0,4,0.0,0.0,,0.0,0.0,,0.0,0.0,,0.0,0.0,,27.0,13.5,0.0,13.5,0.0,0.0,0.0,,223.9,77.6,jalen-rosemond
1,2021-22,USC,Pac-12,1,0,1,59.3,59.3,1.0,0.0,0.0,,59.3,59.3,1.0,0.0,0.0,,118.5,0.0,0.0,0.0,0.0,0.0,177.8,,300.0,12.6,amar-ross
0,2021-22,Milwaukee,Horizon,12,0,18,6.5,13.1,0.5,3.3,9.8,0.333,3.3,3.3,1.0,0.0,0.0,,13.1,0.0,3.3,3.3,3.3,0.0,16.3,,102.8,97.9,kyle-ross
2,2021-22,Eastern Washington,Big Sky,2,2,20,2.8,14.0,0.2,2.8,11.2,0.25,0.0,2.8,0.0,0.0,0.0,,5.6,8.4,0.0,0.0,2.8,11.2,5.6,,63.6,110.8,casson-rouse
0,2020-21,UCSB,Big West,2,0,10,17.9,17.9,1.0,17.9,17.9,1.0,0.0,0.0,,11.9,11.9,1.0,17.9,0.0,0.0,11.9,6.0,6.0,47.6,,159.4,86.4,niko-rocak
1,2021-22,Mississippi State,SEC,5,0,8,7.5,15.0,0.5,0.0,0.0,,7.5,15.0,0.5,0.0,0.0,,7.5,0.0,0.0,0.0,0.0,0.0,22.5,,155.9,106.6,justin-rumph
1,2021-22,Buffalo,MAC,10,0,26,14.9,27.6,0.538,6.4,6.4,1.0,8.5,21.2,0.4,0.0,2.1,0.0,21.2,8.5,0.0,0.0,6.4,12.7,38.2,,124.5,100.5,lucas-saleh
1,2021-22,UNC Wilmington,CAA,14,0,63,1.0,4.8,0.2,0.0,3.8,0.0,1.0,1.0,1.0,7.6,12.4,0.615,12.4,0.0,0.0,1.9,1.9,7.6,10.5,,103.6,104.7,khadim-samb
1,2021-22,William & Mary,CAA,3,0,7,0.0,0.0,,0.0,0.0,,0.0,0.0,,0.0,0.0,,8.2,0.0,0.0,0.0,8.2,8.2,0.0,,0.0,110.7,kurt-samuelsjr
1,2020-21,Cleveland State,Horizon,11,0,36,6.6,9.9,0.667,6.6,9.9,0.667,0.0,0.0,,3.3,6.6,0.5,8.2,1.6,6.6,0.0,1.6,18.1,16.4,,124.2,95.5,jeremy-sanchez
0,2021-22,Maryland-Eastern Shore,MEAC,1,0,6,0.0,9.5,0.0,0.0,9.5,0.0,0.0,0.0,,0.0,0.0,,0.0,0.0,0.0,0.0,9.5,0.0,0.0,,0.0,107.7,lamont-sanders
1,2021-22,Eastern Illinois,OVC,27,2,355,3.2,12.4,0.26,2.4,8.8,0.269,0.8,3.6,0.238,3.6,4.6,0.778,4.6,1.2,0.8,0.0,2.5,1.9,10.8,,72.4,114.4,micah-schnyders
3,2021-22,Long Beach State,Big West,24,0,200,3.9,9.5,0.412,3.6,7.8,0.464,0.3,1.7,0.167,2.2,4.5,0.5,7.8,1.7,0.8,0.0,3.6,5.9,10.3,,79.6,106.5,eddie-scott
2,2021-22,UC-Davis,Big West,4,0,17,13.9,13.9,1.0,13.9,13.9,1.0,0.0,0.0,,6.9,13.9,0.5,13.9,3.5,0.0,3.5,3.5,3.5,34.6,,145.6,97.5,bj-shaw
0,2021-22,Detroit,Horizon,15,3,143,4.7,12.3,0.379,4.7,7.7,0.611,0.0,4.7,0.0,3.4,4.7,0.727,9.8,0.9,0.9,0.4,2.1,5.5,12.8,,93.7,110.8,jeramy-shaw
2,2021-22,Portland,WCC,27,3,210,11.9,20.9,0.57,11.9,20.9,0.57,0.0,0.0,,4.0,6.3,0.625,12.4,1.3,0.3,2.4,5.3,9.0,27.8,,102.1,103.0,matheus-silveira
1,2021-22,St. Peter's,MAAC,19,1,165,4.7,15.6,0.302,3.3,10.5,0.31,1.5,5.1,0.286,1.1,1.5,0.75,8.7,3.3,3.3,0.4,6.5,6.9,12.0,,68.6,94.9,marty-silvera
3,2021-22,San Jose State,MWC,23,6,285,4.7,12.9,0.361,2.8,5.3,0.52,1.9,7.6,0.25,1.5,2.5,0.583,6.6,1.7,1.3,0.6,3.0,5.5,12.7,,85.5,113.0,caleb-simmons
0,2021-22,Northwestern,Big Ten,27,7,312,4.8,11.7,0.413,4.1,8.8,0.468,0.7,3.0,0.25,2.2,4.1,0.545,7.6,2.4,2.2,0.4,3.0,5.6,12.7,,92.2,103.5,casey-simmons
1,2021-22,Samford,Southern,10,0,42,1.4,16.2,0.083,1.4,10.8,0.125,0.0,5.4,0.0,5.4,6.8,0.8,18.9,4.1,2.7,0.0,1.4,5.4,8.1,,70.2,99.0,angel-smith
1,2020-21,Pitt,ACC,3,0,4,0.0,14.6,0.0,0.0,0.0,,0.0,14.6,0.0,0.0,0.0,,29.2,0.0,0.0,0.0,0.0,14.6,0.0,,0.0,92.7,chayce-smith
1,2021-22,Delaware State,MEAC,19,7,286,4.3,11.2,0.386,4.3,11.2,0.386,0.0,0.0,,0.8,1.6,0.5,12.0,1.6,1.0,1.8,4.9,7.1,9.5,,69.6,104.9,christopher-smith
0,2021-22,Northwestern State,Southland,2,0,14,15.6,23.4,0.667,11.7,15.6,0.75,3.9,7.8,0.5,3.9,7.8,0.5,3.9,0.0,0.0,0.0,3.9,3.9,39.0,,119.4,121.4,cooper-smith
0,2020-21,Florida A&M,MEAC,4,0,27,0.0,4.2,0.0,0.0,4.2,0.0,0.0,0.0,,0.0,0.0,,0.0,0.0,2.1,0.0,2.1,0.0,0.0,,0.0,104.0,jahvon-smith
0,2021-22,Abilene Christian,WAC,18,0,115,7.7,18.4,0.421,6.8,13.6,0.5,1.0,4.8,0.2,4.4,7.7,0.563,7.7,2.4,1.0,1.0,5.8,7.3,20.8,,84.2,98.7,stevie-smith
0,2021-22,Troy,Sun Belt,22,1,260,5.8,18.0,0.321,2.2,6.7,0.333,3.6,11.4,0.314,4.9,7.1,0.688,6.2,4.2,2.7,1.1,4.7,5.1,20.0,,92.9,96.4,tk-smith
2,2021-22,Northern Colorado,Big Sky,10,0,91,3.7,13.1,0.286,0.0,0.0,,3.7,13.1,0.286,2.5,2.5,1.0,4.4,5.6,0.6,0.6,3.7,5.0,13.7,,97.4,113.5,treshon-smoots
3,2021-22,Delaware State,MEAC,28,23,570,3.4,6.6,0.507,3.4,6.6,0.507,0.0,0.0,,1.4,2.8,0.5,16.0,0.5,0.9,5.7,5.4,7.6,8.1,,74.3,99.2,chris-sodom
1,2021-22,Cal State Fullerton,Big West,2,0,10,0.0,11.9,0.0,0.0,0.0,,0.0,11.9,0.0,0.0,0.0,,0.0,0.0,6.0,0.0,11.9,6.0,0.0,,0.0,97.8,landis-spivey
2,2021-22,Delaware State,MEAC,13,11,365,6.8,15.1,0.449,3.9,7.9,0.49,2.9,7.3,0.404,5.1,7.9,0.647,7.1,2.8,2.6,0.5,6.9,5.7,21.6,,90.5,104.6,john-stansbury
0,2021-22,Radford,Big South,27,10,560,7.5,15.8,0.476,6.5,13.1,0.5,1.0,2.7,0.36,4.5,6.1,0.732,7.5,6.4,3.2,0.0,7.7,5.2,20.5,,92.1,102.5,artese-stapleton
0,2021-22,NJIT,AEC,6,0,9,6.6,13.2,0.5,6.6,13.2,0.5,0.0,0.0,,0.0,19.8,0.0,13.2,6.6,13.2,0.0,0.0,0.0,13.2,,84.3,80.2,chauncey-sterling
3,2021-22,Manhattan,MAAC,16,7,391,5.6,13.0,0.432,1.5,2.5,0.588,4.1,10.5,0.394,2.9,3.2,0.909,4.3,2.1,2.7,0.1,3.1,4.6,18.3,,112.8,106.6,samir-stewart
2,2021-22,Arkansas-Pine Bluff,SWAC,30,11,648,5.0,12.1,0.412,3.9,8.1,0.484,1.1,4.0,0.267,3.0,3.9,0.773,7.7,3.2,1.7,0.6,3.1,5.3,14.1,,97.8,115.8,kshun-stokes
4,2021-22,Northeastern,CAA,31,7,565,7.5,18.4,0.406,3.9,7.6,0.514,3.6,10.8,0.33,2.3,3.0,0.75,8.0,2.6,0.6,0.4,1.9,4.7,20.8,,108.2,110.0,jason-strong
0,2021-22,Idaho State,Big Sky,16,0,54,2.2,10.1,0.222,1.1,4.5,0.25,1.1,5.6,0.2,2.2,2.2,1.0,15.7,0.0,0.0,0.0,5.6,9.0,7.9,,56.2,108.9,pablo-tamba
1,2021-22,UC-San Diego,Big West,6,0,36,6.5,8.1,0.8,4.9,4.9,1.0,1.6,3.2,0.5,24.3,29.2,0.833,4.9,4.9,0.0,0.0,3.2,3.2,38.9,,169.1,109.9,lunden-taylor
3,2021-22,Ohio,MAC,3,0,9,6.4,6.4,1.0,6.4,6.4,1.0,0.0,0.0,,12.9,12.9,1.0,6.4,0.0,0.0,0.0,6.4,12.9,25.8,,131.2,105.8,john-tenerowicz
0,2021-22,Utah State,MWC,15,0,42,5.7,14.2,0.4,5.7,9.9,0.571,0.0,4.2,0.0,0.0,0.0,,9.9,1.4,1.4,1.4,0.0,7.1,11.3,,103.1,100.2,norbert-thelissen
1,2021-22,Coastal Carolina,Sun Belt,27,2,168,4.6,8.8,0.52,4.6,8.8,0.52,0.0,0.0,,3.2,3.5,0.9,10.9,0.4,1.4,5.3,4.2,7.7,12.3,,95.2,94.1,deshawn-thomas
0,2021-22,Southeast Missouri State,OVC,25,2,258,4.1,10.7,0.38,2.6,5.3,0.48,1.5,5.3,0.28,3.4,5.1,0.667,6.0,2.6,1.7,0.6,1.7,7.5,13.0,,104.0,109.6,chase-thompson
3,2017-18,St. Joseph's,A-10,8,0,11,0.0,5.1,0.0,0.0,5.1,0.0,0.0,0.0,,10.2,10.2,1.0,5.1,0.0,5.1,0.0,10.2,0.0,10.2,,52.8,97.7,kyle-thompson
1,2021-22,Presbyterian,Big South,24,0,338,5.2,15.5,0.333,3.7,8.5,0.438,1.4,6.9,0.205,1.6,2.5,0.643,6.6,2.5,2.8,0.2,2.0,5.3,13.4,,91.1,101.5,kirshon-thrash
4,2021-22,New Mexico State,WAC,21,7,407,6.6,15.0,0.442,4.5,8.9,0.5,2.2,6.0,0.357,4.0,6.3,0.636,10.2,3.2,1.0,0.4,3.6,4.7,19.4,,108.9,99.8,donnie-tillman
1,2021-22,New Mexico,MWC,29,13,435,5.0,12.9,0.39,4.1,9.1,0.451,0.9,3.7,0.241,4.8,6.3,0.755,8.2,2.7,2.8,1.9,2.6,6.9,15.7,,102.0,103.6,taryn-todd
3,2021-22,UCSB,Big West,28,3,303,5.3,11.0,0.482,4.9,8.1,0.61,0.4,3.0,0.133,2.8,5.3,0.519,13.6,4.5,1.2,0.4,3.9,7.3,13.8,,97.5,97.0,sekou-toure
0,2021-22,Jacksonville State,A-Sun,7,0,16,7.4,11.1,0.667,0.0,0.0,,7.4,11.1,0.667,0.0,0.0,,0.0,0.0,0.0,0.0,3.7,7.4,22.2,,125.9,112.0,tanguy-touze
1,2021-22,Holy Cross,Patriot,21,7,387,5.5,9.4,0.581,4.6,7.3,0.625,0.9,2.1,0.429,3.5,5.2,0.676,4.3,1.2,1.1,0.5,2.4,5.5,15.4,,116.5,111.0,malcolm-townsel
0,2021-22,UTSA,CUSA,25,6,383,3.6,12.1,0.296,2.8,7.6,0.373,0.7,4.5,0.167,4.9,6.4,0.767,6.4,4.3,1.6,1.0,4.3,4.6,12.8,,82.2,104.7,christian-tucker
1,2021-22,Mercer,Southern,29,2,401,3.6,9.5,0.381,2.6,6.6,0.386,1.1,2.9,0.368,0.8,1.5,0.5,6.3,3.0,2.4,0.3,3.3,4.8,9.0,,83.6,108.6,jovan-tucker
0,2021-22,Middle Tennessee,CUSA,7,0,82,13.6,27.9,0.487,9.3,11.4,0.813,4.3,16.4,0.261,2.1,4.3,0.5,10.0,2.1,2.1,2.1,5.7,10.7,33.6,,101.5,98.2,isaiah-turner
1,2021-22,Wofford,Southern,11,0,65,6.6,17.8,0.368,4.7,11.3,0.417,1.9,6.6,0.286,1.9,3.8,0.5,8.4,4.7,0.9,0.0,3.8,3.8,16.9,,90.4,106.4,keaton-turner
0,2021-22,Cal State Northridge,Big West,4,0,4,0.0,15.2,0.0,0.0,0.0,,0.0,15.2,0.0,0.0,0.0,,15.2,0.0,0.0,0.0,15.2,15.2,0.0,,0.0,106.4,elijah-uche
2,2021-22,Morgan State,MEAC,7,0,28,11.3,13.2,0.857,9.4,9.4,1.0,1.9,3.8,0.5,0.0,1.9,0.0,5.7,3.8,3.8,0.0,3.8,0.0,24.5,,130.1,96.3,thaire-vance
0,2020-21,St. Francis (NY),NEC,4,0,3,18.1,18.1,1.0,18.1,18.1,1.0,0.0,0.0,,36.2,36.2,1.0,18.1,18.1,18.1,0.0,36.2,0.0,72.5,,114.0,79.3,abdallah-wague
1,2021-22,Radford,Big South,5,0,18,3.4,10.2,0.333,3.4,10.2,0.333,0.0,0.0,,0.0,0.0,,6.8,0.0,0.0,3.4,0.0,3.4,6.8,,89.1,106.5,joshua-walker
4,2021-22,Northeastern,CAA,26,23,882,7.1,17.2,0.411,4.7,9.6,0.493,2.4,7.6,0.309,3.5,4.8,0.725,7.7,4.4,1.3,0.3,6.3,4.6,20.0,,86.7,107.8,shaquille-walters
1,2021-22,Penn,Ivy,8,3,120,11.1,27.5,0.404,10.1,19.3,0.525,1.0,8.2,0.118,1.4,2.4,0.6,8.2,4.8,0.0,0.5,3.9,5.3,24.6,,90.2,115.4,michael-wang
0,2021-22,Prairie View,SWAC,23,0,190,3.5,8.2,0.429,2.9,6.2,0.476,0.6,2.1,0.286,0.3,1.5,0.2,7.9,5.0,3.5,0.0,4.7,8.2,7.9,,79.1,104.4,deangelo-ware
0,2019-20,Jackson State,SWAC,2,0,18,0.0,18.8,0.0,0.0,3.1,0.0,0.0,15.6,0.0,0.0,0.0,,6.3,0.0,0.0,0.0,0.0,12.5,0.0,,12.2,104.8,geronimo-warner
1,2021-22,Southeastern Louisiana,Southland,16,0,125,3.5,12.6,0.276,2.6,6.1,0.429,0.9,6.5,0.133,2.6,3.1,0.857,8.3,7.0,2.6,0.0,3.1,3.9,10.5,,89.0,106.8,jondarius-warren
0,2021-22,Cal State Bakersfield,Big West,23,0,228,4.0,5.6,0.714,4.0,5.6,0.714,0.0,0.0,,0.3,0.8,0.333,12.0,1.3,1.9,2.9,1.6,9.6,8.3,,124.9,99.3,brian-washington
2,2021-22,Portland,WCC,6,0,27,8.2,20.6,0.4,2.1,2.1,1.0,6.2,18.5,0.333,8.2,12.3,0.667,8.2,0.0,2.1,2.1,4.1,4.1,30.9,,101.5,98.1,wyatt-watson
1,2021-22,Rider,MAAC,5,0,14,4.2,25.1,0.167,4.2,12.6,0.333,0.0,12.6,0.0,0.0,0.0,,16.7,16.7,0.0,0.0,4.2,0.0,8.4,,59.8,100.1,rj-weise
0,2019-20,Jackson State,SWAC,5,0,11,5.1,30.7,0.167,5.1,25.6,0.2,0.0,5.1,0.0,0.0,0.0,,10.2,0.0,0.0,0.0,0.0,10.2,10.2,,57.5,107.4,kelvin-wesley
0,2021-22,Montana,Big Sky,10,0,43,5.5,27.6,0.2,0.0,4.1,0.0,5.5,23.4,0.235,0.0,0.0,,5.5,2.8,0.0,0.0,0.0,1.4,16.5,,72.0,107.2,jack-wetzel
3,2021-22,Northwestern State,Southland,31,28,725,5.8,12.3,0.472,4.1,8.3,0.491,1.7,4.0,0.434,1.4,2.1,0.679,2.6,8.2,2.4,0.2,4.3,3.3,14.8,,102.6,114.2,brian-white
2,2021-22,Miami (OH),MAC,30,25,672,4.0,10.4,0.38,1.7,4.1,0.426,2.2,6.4,0.351,0.7,0.9,0.8,4.4,2.2,0.7,0.3,1.7,4.1,10.9,,99.3,112.6,myja-white
0,2020-21,Missouri State,MVC,6,0,28,2.1,10.4,0.2,2.1,8.3,0.25,0.0,2.1,0.0,8.3,12.5,0.667,10.4,4.2,0.0,0.0,6.2,4.2,12.5,,69.3,100.7,skylar-wicks
0,2021-22,UNC Greensboro,Southern,1,0,0,,,,,,,,,,,,,,,,,,,,,,,aj-williams
1,2021-22,Robert Morris,Horizon,28,17,743,6.0,14.2,0.419,4.5,8.4,0.533,1.5,5.9,0.257,2.1,3.2,0.65,6.2,2.6,1.4,0.6,3.5,4.4,15.5,,92.7,114.1,jaron-williams
1,2021-22,New Mexico State,WAC,17,0,144,5.7,16.7,0.341,0.8,1.2,0.667,4.9,15.5,0.316,2.4,3.7,0.667,2.8,2.4,1.6,0.0,0.0,5.7,18.7,,121.6,101.0,levar-williams
0,2021-22,New Orleans,Southland,14,0,45,5.9,19.0,0.313,3.6,5.9,0.6,2.4,13.0,0.182,3.6,5.9,0.6,8.3,7.1,2.4,1.2,5.9,0.0,17.8,,84.5,101.3,norris-williams
3,2021-22,Radford,Big South,28,19,741,8.2,21.1,0.387,4.4,9.2,0.477,3.8,12.0,0.317,2.5,3.4,0.732,10.6,2.3,0.8,1.1,2.9,4.8,22.6,,101.5,104.5,rashun-williams
2,2021-22,Cal State Bakersfield,Big West,11,6,192,8.9,25.4,0.35,5.4,15.3,0.354,3.5,10.2,0.344,1.9,2.9,0.667,8.9,6.7,3.8,0.3,5.7,6.4,23.2,,88.0,98.3,shaun-williams
1,2021-22,Coastal Carolina,Sun Belt,17,1,152,3.5,16.4,0.214,1.2,4.7,0.25,2.3,11.7,0.2,0.4,0.8,0.5,2.7,2.7,1.2,1.2,2.3,1.2,9.7,,68.7,103.8,kevin-williamson
3,2021-22,Stephen F. Austin,WAC,24,5,210,4.2,13.0,0.327,0.8,1.9,0.429,3.4,11.1,0.31,1.1,1.6,0.667,4.5,2.4,1.9,0.0,1.6,4.8,13.0,,103.0,101.0,diego-willis
2,2021-22,Binghamton,AEC,24,4,182,8.2,14.7,0.556,8.2,14.7,0.556,0.0,0.0,,2.6,3.9,0.667,12.4,1.6,0.7,1.6,5.2,9.5,18.9,,96.1,102.8,yarden-willis
2,2021-22,Austin Peay,OVC,24,13,472,5.0,13.7,0.364,2.4,5.0,0.487,2.6,8.7,0.294,1.9,2.7,0.714,9.4,5.4,2.3,0.4,3.1,7.1,14.5,,100.9,103.4,alec-woodard
0,2021-22,High Point,Big South,11,0,53,4.5,15.6,0.286,2.2,11.2,0.2,2.2,4.5,0.5,0.0,0.0,,10.0,2.2,1.1,1.1,3.3,3.3,11.2,,71.0,102.2,caleb-wright
0,2021-22,Oakland,Horizon,9,0,55,7.4,16.9,0.438,2.1,5.3,0.4,5.3,11.6,0.455,3.2,4.2,0.75,10.5,2.1,3.2,1.1,1.1,1.1,23.2,,131.4,97.9,ty-wyman
3,2021-22,Akron,MAC,23,0,239,5.7,12.3,0.468,4.4,7.6,0.586,1.3,4.7,0.278,1.8,3.4,0.538,10.4,2.9,3.7,1.8,3.4,11.7,14.6,,101.6,93.3,michael-wynn
2,2021-22,SMU,AAC,26,0,186,5.9,8.7,0.679,5.9,8.7,0.679,0.0,0.0,,4.3,7.7,0.56,13.3,2.2,0.9,4.3,3.1,8.7,16.1,,120.2,96.2,jahmar-youngjr
3,2021-22,Presbyterian,Big South,32,18,637,6.4,15.3,0.42,4.1,7.0,0.581,2.4,8.3,0.284,2.1,3.0,0.688,8.7,1.3,3.0,1.1,2.8,5.8,17.3,,102.0,99.0,brandon-younger
1,2021-22,Bellarmine,A-Sun,5,0,24,13.1,20.9,0.625,10.4,10.4,1.0,2.6,10.4,0.25,7.8,10.4,0.75,15.7,5.2,0.0,7.8,5.2,15.7,36.6,,124.4,97.0,baylor-younker
0,2020-21,Loyola Marymount,WCC,1,0,2,0.0,0.0,,0.0,0.0,,0.0,0.0,,0.0,0.0,,0.0,0.0,0.0,0.0,0.0,29.5,0.0,,0.0,108.2,anthony-yu
0,2021-22,Bryant,NEC,3,0,12,4.6,13.7,0.333,0.0,4.6,0.0,4.6,9.1,0.5,4.6,9.1,0.5,13.7,4.6,0.0,0.0,4.6,0.0,18.3,,102.2,105.2,max-zakheim
1,2021-22,Lafayette,Patriot,9,0,15,0.0,8.1,0.0,0.0,8.1,0.0,0.0,0.0,,0.0,8.1,0.0,8.1,4.0,8.1,0.0,4.0,8.1,0.0,,44.2,101.2,ryan-zambie
0,2020-21,Chicago State,WAC,7,4,217,7.0,18.1,0.386,5.2,11.4,0.455,1.8,6.7,0.269,3.9,5.7,0.682,3.4,4.4,1.0,0.0,3.4,2.1,19.7,,89.0,129.9,levelle-zeigler
0,2021-22,Florida Atlantic,CUSA,18,0,101,7.5,17.9,0.419,2.9,8.1,0.357,4.6,9.8,0.471,2.3,3.5,0.667,8.1,2.3,3.5,0.0,1.2,3.5,21.9,,124.5,99.8,bogdan-zimonjic
2,2021-22,Northeastern,CAA,16,7,221,5.0,11.3,0.439,2.5,3.9,0.643,2.5,7.5,0.333,1.1,1.4,0.8,4.1,1.9,1.9,0.3,4.1,5.0,13.6,,89.7,108.9,vito-cubrilo
1,2021-22,Central Michigan,MAC,1,0,1,0.0,0.0,,0.0,0.0,,0.0,0.0,,0.0,0.0,,0.0,0.0,0.0,0.0,0.0,0.0,0.0,,0.0,123.8,rastislav-sipkovsky
