,Season,School,Conf,G,GS,MP,FG,FGA,FG%,2P,2PA,2P%,3P,3PA,3P%,FT,FTA,FT%,ORB,DRB,TRB,AST,STL,BLK,TOV,PF,PTS,Unnamed: 27,SOS,Name
2,2021-22,Ball State,MAC,8,0,12.5,0.6,2.9,0.217,0.0,1.8,0.0,0.6,1.1,0.556,0.8,0.9,0.857,0.9,1.5,2.4,1.4,0.4,0.0,0.8,1.1,2.6,,-4.56,kani-acree
1,2021-22,Vanderbilt,SEC,4,0,2.3,0.0,0.5,0.0,0.0,0.3,0.0,0.0,0.3,0.0,0.0,0.0,,0.0,0.5,0.5,0.5,0.0,0.0,0.0,0.0,0.0,,8.05,max-adelman
3,2021-22,Arizona,Pac-12,7,0,13.6,1.9,3.9,0.481,0.6,1.6,0.364,1.3,2.3,0.563,0.0,0.3,0.0,1.1,2.3,3.4,2.0,1.0,0.3,0.4,1.1,5.0,,6.84,kim-aikenjr
4,2021-22,California Baptist,WAC,34,33,26.7,3.3,6.1,0.541,3.3,6.1,0.543,0.0,0.0,0.0,4.2,6.0,0.696,2.0,6.1,8.1,1.5,0.7,1.0,2.4,3.2,10.8,,-3.34,daniel-akin
0,2021-22,Chicago State,WAC,21,10,26.9,2.3,6.6,0.353,1.2,3.2,0.388,1.1,3.4,0.319,2.0,2.3,0.857,1.0,2.4,3.4,2.6,1.2,0.0,2.0,2.3,7.8,,-1.96,dominique-alexander
0,2020-21,Oral Roberts,Summit,5,0,6.4,1.2,2.6,0.462,0.8,1.2,0.667,0.4,1.4,0.286,0.6,0.6,1.0,0.2,0.8,1.0,0.4,0.4,0.2,0.2,0.6,3.4,,-0.04,jonathan-alexandre
2,2021-22,California,Pac-12,1,1,1.0,0.0,1.0,0.0,0.0,0.0,,0.0,1.0,0.0,0.0,0.0,,0.0,2.0,2.0,0.0,0.0,0.0,0.0,0.0,0.0,,6.96,logan-alters
0,2020-21,South Alabama,Sun Belt,12,0,1.7,0.0,0.0,,0.0,0.0,,0.0,0.0,,0.0,0.0,,0.1,0.2,0.3,0.2,0.0,0.0,0.0,0.2,0.0,,-5.86,andrew-anderson
0,2021-22,North Dakota,Summit,2,0,1.5,0.0,0.0,,0.0,0.0,,0.0,0.0,,0.0,0.0,,0.0,0.0,0.0,0.0,0.0,0.0,0.0,0.0,0.0,,-5.26,jackson-anderson
1,2021-22,Western Illinois,Summit,13,0,4.5,0.5,1.2,0.438,0.5,1.0,0.538,0.0,0.2,0.0,0.2,0.5,0.429,0.5,0.9,1.4,0.2,0.0,0.2,0.5,0.5,1.3,,-5.51,adam-anhold
2,2021-22,Wofford,Southern,16,1,3.0,0.4,0.4,1.0,0.4,0.4,1.0,0.0,0.0,,0.1,0.2,0.333,0.3,0.5,0.8,0.1,0.1,0.1,0.4,0.6,0.8,,-1.55,david-appelgren
1,2020-21,Lehigh,Patriot,6,0,2.8,0.0,0.5,0.0,0.0,0.3,0.0,0.0,0.2,0.0,0.0,0.0,,0.0,0.5,0.5,0.0,0.2,0.0,0.5,0.7,0.0,,-4.58,andrei-arion
3,2021-22,Iowa,Big Ten,18,0,4.4,0.9,2.2,0.436,0.5,0.7,0.692,0.4,1.4,0.308,0.6,0.8,0.714,0.2,0.4,0.6,0.6,0.0,0.0,0.3,0.3,2.9,,6.87,austin-ash
0,2021-22,Drexel,CAA,2,0,1.5,0.0,0.5,0.0,0.0,0.0,,0.0,0.5,0.0,0.0,0.0,,0.0,0.0,0.0,0.0,0.0,0.0,0.0,1.0,0.0,,-1.9,ata-atsuren
1,2021-22,Georgetown,Big East,7,0,2.6,0.4,0.7,0.6,0.4,0.7,0.6,0.0,0.0,,0.0,0.0,,0.3,0.0,0.3,0.1,0.1,0.1,0.0,0.3,0.9,,8.03,chuma-azinge
2,2021-22,Eastern Illinois,OVC,1,0,14.0,1.0,3.0,0.333,1.0,2.0,0.5,0.0,1.0,0.0,2.0,2.0,1.0,0.0,1.0,1.0,1.0,0.0,1.0,1.0,2.0,4.0,,-3.97,myles-baker
3,2021-22,Fresno State,MWC,23,2,18.0,1.6,4.2,0.381,0.4,0.9,0.5,1.2,3.3,0.351,0.7,0.9,0.714,0.1,1.1,1.3,0.5,0.5,0.1,0.4,1.9,5.0,,1.94,junior-ballard
1,2020-21,Cincinnati,AAC,8,1,4.5,0.0,0.6,0.0,0.0,0.5,0.0,0.0,0.1,0.0,0.0,0.0,,0.1,0.3,0.4,0.3,0.4,0.0,0.1,0.5,0.0,,7.21,rob-banks
3,2021-22,Princeton,Ivy,25,2,6.2,0.7,1.3,0.545,0.4,0.7,0.647,0.3,0.6,0.438,0.1,0.4,0.333,0.3,0.9,1.2,0.3,0.1,0.4,0.2,0.6,1.8,,-3.95,elijah-barnes
0,2021-22,Kansas City,Summit,22,0,12.0,1.6,2.4,0.673,1.4,2.0,0.705,0.2,0.4,0.5,0.6,1.0,0.591,0.4,1.2,1.5,0.5,0.6,0.0,0.6,1.3,4.0,,-5.23,timothy-barnes
3,2021-22,Delaware State,MEAC,28,14,21.9,2.4,6.1,0.384,1.7,4.1,0.417,0.6,2.0,0.316,1.0,1.6,0.609,1.3,2.5,3.8,0.5,0.8,0.4,1.3,1.7,6.4,,-7.39,dmarco-baucum
3,2021-22,Cal State Northridge,Big West,25,6,21.0,2.0,5.2,0.38,1.8,4.6,0.395,0.2,0.6,0.267,1.0,1.3,0.788,0.7,2.0,2.7,0.8,0.7,0.2,1.2,1.5,5.1,,-1.41,darius-beane
4,2021-22,Miami (OH),MAC,15,0,9.6,0.8,2.5,.316,0.8,2.5,.316,0.0,0.0,,1.3,1.7,.800,1.5,1.3,2.7,0.4,0.4,0.2,0.7,1.6,2.9,,-4.14,james-beck
2,2021-22,Stanford,Pac-12,5,1,2.0,0.0,0.6,0.0,0.0,0.0,,0.0,0.6,0.0,0.0,0.0,,0.0,0.2,0.2,0.0,0.2,0.0,0.2,0.0,0.0,,8.59,daniel-begovich
1,2021-22,Merrimack,NEC,17,0,5.4,0.4,1.4,0.292,0.1,0.2,0.25,0.4,1.2,0.3,0.5,0.5,0.889,0.1,0.5,0.6,0.2,0.1,0.0,0.2,0.6,1.6,,-6.82,james-berryiii
3,2021-22,Bethune-Cookman,SWAC,5,0,3.8,0.0,0.4,.000,0.0,0.4,.000,0.0,0.0,,0.0,0.0,,0.0,0.2,0.2,0.0,0.2,0.0,0.2,0.4,0.0,,-6.70,quavon-blackwood
3,2021-22,William & Mary,CAA,13,3,23.7,3.4,6.2,0.55,2.4,3.9,0.608,1.0,2.2,0.448,2.2,3.0,0.718,1.2,3.2,4.5,0.5,0.5,0.2,1.3,2.4,9.9,,-1.88,quinn-blair
1,2019-20,Youngstown State,Horizon,5,0,2.6,0.4,1.0,0.4,0.2,0.2,1.0,0.2,0.8,0.25,0.6,0.8,0.75,0.0,0.2,0.2,0.2,0.0,0.0,0.2,0.4,1.6,,-4.79,justin-bofenkamp
1,2021-22,Houston Baptist,Southland,16,7,17.3,1.8,6.0,0.292,1.0,2.3,0.432,0.8,3.7,0.203,1.1,1.6,0.692,0.3,1.9,2.2,1.4,0.6,0.3,2.0,1.8,5.4,,-6.71,za-ontay-boothman
0,2021-22,Louisiana-Monroe,Sun Belt,9,1,19.0,3.8,8.1,0.466,2.6,4.2,0.605,1.2,3.9,0.314,1.2,1.6,0.786,0.6,1.7,2.2,1.9,0.8,0.1,1.7,1.7,10.0,,-2.59,trey-boston
1,2021-22,Norfolk State,MEAC,16,0,5.1,0.3,1.1,0.278,0.3,0.9,0.333,0.0,0.2,0.0,0.4,0.6,0.7,0.1,0.4,0.4,0.4,0.2,0.0,0.5,0.6,1.1,,-9.3,andre-bottoms
1,2021-22,Morgan State,MEAC,14,0,6.0,0.6,1.0,0.571,0.5,0.7,0.7,0.1,0.3,0.25,0.1,0.3,0.5,0.1,0.1,0.1,0.4,0.4,0.0,0.4,0.6,1.4,,-8.12,elijah-bowens
1,2021-22,Northeastern,CAA,21,0,3.8,0.2,0.3,0.571,0.2,0.3,0.571,0.0,0.0,,0.1,0.2,0.4,0.1,0.2,0.4,0.0,0.0,0.1,0.2,0.4,0.5,,-1.19,connor-braun
0,2020-21,Missouri State,MVC,4,0,2.8,0.8,1.0,0.75,0.5,0.8,0.667,0.3,0.3,1.0,0.3,0.8,0.333,0.3,0.5,0.8,0.0,0.3,0.0,0.0,0.0,2.0,,-0.02,elijah-bridgers
3,2021-22,Prairie View,SWAC,6,1,5.0,0.2,0.7,.250,0.2,0.7,.250,0.0,0.0,,0.0,0.2,.000,0.2,0.2,0.3,0.2,0.2,0.3,0.2,0.8,0.3,,-3.66,jerroda-briscoe
0,2020-21,Manhattan,MAAC,3,0,3.7,0.3,0.7,0.5,0.3,0.7,0.5,0.0,0.0,,0.3,0.3,1.0,0.3,0.0,0.3,0.0,0.3,0.0,0.0,1.7,1.0,,-8.35,amir-britt
0,2021-22,Jacksonville,A-Sun,12,0,9.0,0.9,2.4,0.379,0.9,1.7,0.55,0.0,0.8,0.0,0.3,0.5,0.667,0.7,2.0,2.7,0.6,0.6,0.3,0.8,0.6,2.2,,-5.21,isaiah-broady
1,2021-22,Binghamton,AEC,6,0,2.2,0.0,0.8,0.0,0.0,0.5,0.0,0.0,0.3,0.0,0.2,0.3,0.5,0.0,0.2,0.2,0.0,0.0,0.0,0.0,0.0,0.2,,-6.18,alex-brodsky
0,2021-22,Radford,Big South,2,0,1.0,0.0,0.5,0.0,0.0,0.0,,0.0,0.5,0.0,0.0,0.0,,0.0,0.5,0.5,0.0,0.0,0.0,0.5,0.5,0.0,,-3.9,austin-brown
2,2021-22,Florida A&M,SWAC,19,3,18.3,2.5,4.9,.505,1.3,1.9,.667,1.2,3.0,.404,0.4,0.5,.700,0.7,1.4,2.2,0.7,0.3,0.4,0.6,1.5,6.5,,-6.70,johnny-brown
1,2017-18,UNC Asheville,Big South,12,1,5.8,0.8,1.7,0.5,0.8,1.0,0.75,0.1,0.7,0.125,0.8,0.8,1.0,0.3,0.7,0.9,0.2,0.2,0.2,0.4,1.3,2.5,,-3.58,justin-brown
1,2021-22,Northern Arizona,Big Sky,22,0,10.6,0.9,1.8,0.475,0.7,1.3,0.536,0.2,0.5,0.333,0.5,1.0,0.455,0.5,1.4,2.0,0.5,0.4,0.0,0.8,1.4,2.4,,-4.1,wynton-brown
0,2021-22,Toledo,MAC,5,0,3.0,0.4,1.6,0.25,0.4,1.6,0.25,0.0,0.0,,0.2,0.4,0.5,0.0,0.8,0.8,0.0,0.0,0.0,0.4,0.4,1.0,,-3.22,jordan-burge
3,2021-22,NJIT,AEC,23,21,32.4,2.7,7.2,0.376,1.7,4.0,0.409,1.0,3.1,0.333,1.3,1.9,0.705,0.6,3.3,4.0,2.7,1.3,0.0,1.4,2.7,7.8,,-6.17,antwuan-butler
0,2020-21,South Carolina State,MEAC,6,0,8.0,0.8,2.5,0.333,0.5,1.3,0.375,0.3,1.2,0.286,0.8,0.8,1.0,0.3,0.3,0.7,0.2,0.2,0.0,0.8,0.5,2.8,,-7.56,rashamel-butler
3,2021-22,Western Kentucky,CUSA,18,4,10.8,1.6,3.1,0.527,1.6,2.9,0.547,0.0,0.1,0.0,0.7,1.6,0.429,1.1,1.2,2.3,0.2,0.5,0.3,0.9,1.2,3.9,,0.23,jaylen-butz
0,2021-22,Pacific,WCC,29,1,9.2,1.0,2.4,0.414,1.0,2.0,0.492,0.0,0.4,0.0,1.1,1.8,0.596,0.1,0.6,0.7,0.4,0.2,0.1,0.8,0.7,3.1,,0.41,jaden-byers
1,2021-22,UMBC,AEC,27,1,8.0,0.7,2.1,0.357,0.6,1.2,0.469,0.2,0.9,0.208,0.3,0.4,0.636,0.1,0.5,0.6,0.6,0.3,0.0,0.6,0.4,1.9,,-6.51,hakim-byrd
1,2021-22,California Baptist,WAC,27,0,9.0,0.8,1.6,0.477,0.7,1.0,0.643,0.1,0.6,0.188,0.5,0.6,0.765,0.5,1.0,1.5,0.6,0.2,0.1,0.2,0.9,2.1,,-3.34,tyree-campbell
0,2019-20,St. Bonaventure,A-10,14,0,5.6,0.5,1.4,0.368,0.5,1.3,0.389,0.0,0.1,0.0,0.1,0.2,0.333,0.4,0.8,1.1,0.1,0.2,0.3,0.2,1.0,1.1,,1.62,robert-carpenter
4,2021-22,SIU-Edwardsville,OVC,32,24,31.7,2.9,6.8,.435,2.2,4.2,.511,0.8,2.5,.309,1.4,2.0,.688,0.8,3.6,4.4,3.5,1.5,0.1,2.6,1.9,8.0,,-4.71,courtney-carter
0,2021-22,New Mexico State,WAC,2,0,9.0,1.0,3.0,0.333,0.5,1.5,0.333,0.5,1.5,0.333,0.0,0.0,,0.0,1.0,1.0,0.0,0.0,0.0,0.5,0.5,2.5,,1.24,marsei-caston
3,2021-22,Marist,MAAC,30,27,21.7,3.5,7.6,.454,2.5,4.6,.540,1.0,3.0,.322,0.8,1.0,.767,0.4,3.1,3.5,0.6,0.6,0.1,0.8,1.8,8.7,,-4.86,samkelo-cele
2,2021-22,Tennessee Tech,OVC,8,0,3.3,0.9,2.5,0.35,0.8,1.4,0.545,0.1,1.1,0.111,0.3,0.4,0.667,0.0,0.4,0.4,0.1,0.1,0.0,0.4,0.3,2.1,,-3.03,caleb-christopher
0,2021-22,Chicago State,WAC,30,12,17.0,1.2,3.1,0.398,0.4,0.7,0.545,0.8,2.4,0.352,0.4,0.7,0.65,0.5,0.8,1.3,0.7,0.6,0.0,0.7,0.8,3.7,,-1.96,favour-chukwukelu
1,2021-22,UTEP,CUSA,14,0,6.3,0.1,0.4,0.4,0.1,0.2,0.333,0.1,0.1,0.5,0.0,0.0,,0.1,0.2,0.3,0.4,0.1,0.0,0.2,0.9,0.4,,-0.48,cam-clardy
2,2021-22,Alabama State,SWAC,3,0,4.3,0.0,0.7,.000,0.0,0.7,.000,0.0,0.0,,0.3,0.7,.500,0.0,0.7,0.7,0.7,0.0,0.0,0.3,0.0,0.3,,-5.45,kareem-clark
0,2021-22,Austin Peay,OVC,7,0,1.7,0.1,0.3,0.5,0.1,0.3,0.5,0.0,0.0,,0.1,0.3,0.5,0.0,0.3,0.3,0.0,0.1,0.0,0.1,0.0,0.4,,-3.39,chandler-clements
0,2021-22,Eastern Illinois,OVC,27,25,31.8,2.9,7.9,0.363,2.2,4.9,0.444,0.7,2.9,0.228,1.9,3.2,0.593,0.3,3.6,3.9,4.5,1.0,0.3,2.8,2.4,8.3,,-3.97,kejuan-clements
0,2021-22,Eastern Michigan,MAC,1,0,1.0,0.0,1.0,0.0,0.0,1.0,0.0,0.0,0.0,,0.0,0.0,,0.0,0.0,0.0,0.0,0.0,0.0,0.0,0.0,0.0,,-3.03,malcolm-clements
1,2021-22,Xavier,Big East,1,0,2.0,0.0,1.0,0.0,0.0,1.0,0.0,0.0,0.0,,0.0,0.0,,1.0,0.0,1.0,1.0,0.0,0.0,0.0,0.0,0.0,,8.34,spencer-cody
0,2021-22,Stephen F. Austin,WAC,9,0,3.6,0.2,0.7,0.333,0.2,0.3,0.667,0.0,0.3,0.0,0.2,0.2,1.0,0.1,0.4,0.6,0.3,0.1,0.1,0.3,0.3,0.7,,-1.6,jimel-cofer
1,2020-21,Cal State Northridge,Big West,8,7,27.9,5.0,12.4,0.404,2.6,5.4,0.488,2.4,7.0,0.339,1.5,1.6,0.923,0.4,3.4,3.8,1.0,0.5,0.3,0.8,1.0,13.9,,-1.97,lance-colemanii
1,2021-22,Cal Poly,Big West,24,9,22.2,2.1,5.0,0.413,1.4,3.0,0.458,0.7,2.0,0.347,1.8,2.3,0.8,0.7,2.7,3.4,0.3,0.3,0.0,1.0,0.9,6.7,,-3.3,kyle-colvin
1,2021-22,Western Kentucky,CUSA,9,0,2.9,0.1,0.8,0.143,0.1,0.2,0.5,0.0,0.6,0.0,0.1,0.3,0.333,0.0,0.4,0.4,0.0,0.1,0.0,0.1,0.1,0.3,,0.23,bailey-conrad
0,2021-22,Robert Morris,Horizon,23,0,6.2,0.3,0.7,0.353,0.1,0.4,0.333,0.1,0.3,0.375,0.1,0.1,1.0,0.0,0.4,0.5,0.5,0.1,0.0,0.7,0.9,0.7,,-5.47,chase-cook
4,2021-22,New Mexico State,WAC,13,0,8.4,1.2,2.5,.469,0.3,0.6,.500,0.8,1.8,.458,1.0,1.2,.867,0.1,1.1,1.2,0.6,0.2,0.1,0.5,0.7,4.2,,1.24,virshon-cotton
0,2020-21,San Jose State,MWC,12,1,8.9,0.4,2.1,0.2,0.4,2.1,0.2,0.0,0.0,,0.4,0.8,0.556,0.7,0.9,1.6,0.0,0.0,0.1,0.7,2.1,1.3,,0.98,chase-courtney
0,2021-22,New Mexico State,WAC,5,0,2.4,0.2,0.2,1.0,0.0,0.0,,0.2,0.2,1.0,0.0,0.0,,0.0,0.2,0.2,0.0,0.0,0.0,0.0,0.0,0.6,,1.24,cameron-crawford
1,2021-22,UCLA,Pac-12,1,0,1.0,0.0,0.0,,0.0,0.0,,0.0,0.0,,0.0,0.0,,0.0,0.0,0.0,0.0,0.0,0.0,0.0,0.0,0.0,,8.36,logan-cremonesi
0,2021-22,Nebraska,Big Ten,12,0,1.3,0.3,0.4,0.6,0.2,0.3,0.5,0.1,0.1,1.0,0.0,0.2,0.0,0.0,0.1,0.1,0.0,0.0,0.0,0.0,0.0,0.6,,8.25,jackson-cronin
2,2021-22,South Carolina State,MEAC,30,26,24.7,3.1,8.5,0.365,1.5,3.3,0.44,1.6,5.2,0.316,0.9,1.4,0.667,0.9,3.1,4.0,0.9,0.7,0.2,1.7,2.4,8.8,,-8.39,omar-croskey
3,2021-22,SIU-Edwardsville,OVC,2,0,13.0,1.5,4.5,.333,1.0,2.0,.500,0.5,2.5,.200,2.0,3.0,.667,1.0,1.5,2.5,2.5,0.0,0.0,2.5,1.0,5.5,,-4.71,carlos-curtis
1,2021-22,Drake,MVC,8,0,4.9,0.5,1.3,0.4,0.4,0.8,0.5,0.1,0.5,0.25,0.1,0.3,0.5,0.0,0.5,0.5,0.1,0.3,0.0,0.1,0.6,1.3,,1.04,deven-dahlke
0,2021-22,Vanderbilt,SEC,3,0,12.7,1.0,4.3,0.231,0.3,1.7,0.2,0.7,2.7,0.25,0.3,0.7,0.5,0.3,3.3,3.7,1.3,0.0,0.0,1.3,0.3,3.0,,8.05,peyton-daniels
2,2021-22,Elon,CAA,12,0,2.6,0.1,0.2,0.5,0.1,0.2,0.5,0.0,0.0,,0.0,0.1,0.0,0.0,0.1,0.1,0.5,0.0,0.1,0.3,0.3,0.2,,1.39,ben-daugherty
1,2021-22,UMBC,AEC,14,0,2.9,0.1,0.6,0.222,0.1,0.4,0.4,0.0,0.3,0.0,0.4,0.4,0.833,0.1,0.4,0.4,0.2,0.1,0.0,0.3,0.3,0.6,,-6.51,brendan-davis
1,2021-22,Kent State,MAC,7,0,1.1,0.3,0.4,0.667,0.3,0.4,0.667,0.0,0.0,,0.0,0.0,,0.0,0.3,0.3,0.1,0.0,0.1,0.1,0.0,0.6,,-3.07,mike-digiulio
1,2021-22,Stony Brook,AEC,18,1,7.8,0.8,2.1,0.368,0.7,1.5,0.481,0.1,0.6,0.091,0.0,0.0,,0.2,1.1,1.3,0.4,0.6,0.4,0.4,1.1,1.6,,-5.43,mohamed-diallo
2,2021-22,UT-Martin,OVC,22,7,14.0,1.3,4.1,0.308,0.3,0.9,0.3,1.0,3.2,0.31,0.5,0.6,0.714,0.7,1.9,2.6,0.8,0.2,0.1,1.1,1.1,4.0,,-3.02,david-didenko
2,2021-22,Austin Peay,OVC,5,0,3.8,0.4,0.4,1.0,0.4,0.4,1.0,0.0,0.0,,0.0,0.2,0.0,0.4,0.4,0.8,0.0,0.0,0.0,0.4,1.2,0.8,,-3.39,assane-diouf
3,2021-22,Boise State,MWC,7,6,28.3,3.6,9.4,0.379,2.6,5.1,0.5,1.0,4.3,0.233,1.0,2.3,0.438,1.9,2.7,4.6,1.7,0.7,0.3,1.6,1.4,9.1,,5.22,devonaire-doutrive
0,2021-22,Manhattan,MAAC,2,0,2.0,0.0,0.5,0.0,0.0,0.0,,0.0,0.5,0.0,0.0,0.0,,0.0,0.0,0.0,0.0,0.0,0.0,0.0,0.5,0.0,,-3.85,sean-duke
1,2021-22,California Baptist,WAC,16,0,3.3,0.3,0.5,0.5,0.2,0.4,0.5,0.1,0.1,0.5,0.2,0.4,0.5,0.0,0.4,0.4,0.4,0.1,0.2,0.4,0.6,0.8,,-3.34,freddie-dybala
3,2020-21,Northeastern,CAA,16,10,17.6,1.4,2.8,.489,1.3,2.6,.512,0.1,0.3,.250,0.9,1.1,.824,0.8,2.4,3.1,0.4,0.8,0.3,1.4,2.3,3.7,,0.02,greg-eboigbodin
0,2020-21,Missouri State,MVC,6,0,2.3,0.3,1.0,0.333,0.3,1.0,0.333,0.0,0.0,,0.0,0.0,,0.7,0.2,0.8,0.2,0.0,0.0,0.3,0.8,0.7,,-0.02,melvyn-ebonkoli
3,2021-22,Seattle,WAC,13,1,12.1,1.9,3.9,0.49,0.4,0.8,0.5,1.5,3.2,0.488,0.1,0.2,0.333,0.4,1.0,1.4,0.3,0.2,0.3,0.4,1.3,5.5,,-4.1,rip-economou
0,2021-22,Eastern Washington,Big Sky,8,0,9.5,0.5,1.8,0.286,0.3,0.5,0.5,0.3,1.3,0.2,0.3,0.3,1.0,0.5,1.5,2.0,0.4,0.3,0.3,0.6,1.1,1.5,,-5.14,yousef-elkugia
0,2020-21,Milwaukee,Horizon,1,0,0.0,0.0,0.0,,0.0,0.0,,0.0,0.0,,0.0,0.0,,0.0,0.0,0.0,0.0,0.0,0.0,0.0,0.0,0.0,,-6.98,tyler-ellingson
4,2021-22,Marist,MAAC,28,14,18.4,1.0,2.1,.500,1.0,2.1,.500,0.0,0.0,,0.6,1.1,.563,1.9,2.7,4.5,0.3,0.3,0.6,0.9,2.4,2.7,,-4.86,victor-enoh
1,2021-22,Little Rock,Sun Belt,4,3,15.5,1.8,5.3,0.333,1.8,4.3,0.412,0.0,1.0,0.0,0.3,0.3,1.0,0.5,2.5,3.0,0.5,1.0,0.3,2.5,1.3,3.8,,-0.73,alsean-evans
3,2020-21,St. Francis (NY),NEC,16,2,16.6,1.0,2.8,0.364,0.8,1.6,0.462,0.3,1.1,0.222,1.0,1.5,0.667,1.3,3.7,5.0,0.4,0.6,0.8,0.8,2.4,3.3,,-8.38,yaradyah-evans
0,2021-22,College of Charleston,CAA,20,0,5.1,0.3,1.0,0.263,0.1,0.5,0.111,0.2,0.5,0.4,0.4,0.5,0.778,0.1,0.5,0.6,0.6,0.2,0.0,0.8,0.7,1.1,,-1.23,nikita-evdokimov
0,2021-22,Western Carolina,Southern,10,0,2.1,0.1,0.4,0.25,0.1,0.4,0.25,0.0,0.0,,0.1,0.6,0.167,0.4,0.3,0.7,0.1,0.4,0.0,0.2,0.5,0.3,,-1.9,davion-everett
3,2021-22,SIU-Edwardsville,OVC,3.0,0.0,6.0,1.0,1.3,0.75,1.0,1.3,0.75,0.0,0.0,,0.0,0.7,0.0,0.0,0.7,0.7,0.0,0.3,0.7,0.0,0.3,2.0,,-4.71,elochukwu-eze
3,2021-22,Eastern Washington,Big Sky,3.0,0.0,5.7,0.0,2.0,0.0,0.0,1.7,0.0,0.0,0.3,0.0,0.0,0.0,,0.0,1.3,1.3,1.0,0.7,0.0,0.7,1.0,0.0,,-5.14,austin-fadal
0,2021-22,Arkansas-Pine Bluff,SWAC,2,0,2.0,0.5,0.5,1.0,0.5,0.5,1.0,0.0,0.0,,0.5,0.5,1.0,0.0,1.0,1.0,0.0,0.0,0.0,0.0,0.5,1.5,,-4.58,amadou-fall
0,2021-22,ETSU,Southern,2,0,2.0,0.0,0.0,,0.0,0.0,,0.0,0.0,,0.0,0.0,,0.0,0.5,0.5,0.0,0.0,0.0,0.5,0.0,0.0,,-0.36,isaac-farah
1,2020-21,Portland,WCC,7,1,13.6,0.7,2.6,0.278,0.7,2.4,0.294,0.0,0.1,0.0,0.3,0.6,0.5,0.3,1.3,1.6,1.7,0.6,0.4,0.6,0.6,1.7,,5.08,quincy-ferebee
1,2021-22,Albany (NY),AEC,22,0,6.0,0.5,1.0,0.455,0.3,0.4,0.667,0.2,0.6,0.308,0.6,1.0,0.667,0.0,0.4,0.4,0.1,0.1,0.0,0.3,0.6,1.7,,-5.77,luke-fizulich
1,2021-22,Western Illinois,Summit,23,2,12.7,0.9,2.2,0.4,0.7,1.4,0.5,0.2,0.8,0.222,0.7,1.3,0.552,0.5,1.0,1.4,0.4,0.4,0.0,0.7,2.1,2.6,,-5.51,jj-flores
1,2019-20,Youngstown State,Horizon,14,0,7.9,0.9,3.1,0.302,0.6,2.1,0.267,0.4,0.9,0.385,0.6,0.9,0.667,0.5,0.7,1.2,0.1,0.2,0.3,0.5,1.0,2.8,,-4.79,tyler-foster
4,2021-22,Delaware State,MEAC,25,12,26.2,3.8,9.9,.389,1.6,3.6,.456,2.2,6.3,.350,2.6,3.1,.833,0.4,1.9,2.3,1.0,0.8,0.0,1.4,1.4,12.5,,-7.39,dominik-fragala
2,2020-21,Dixie State,WAC,3,0,12.7,2.7,4.7,.571,2.0,3.0,.667,0.7,1.7,.400,0.0,0.0,,0.3,2.0,2.3,0.0,0.0,0.0,0.7,0.7,6.0,,-3.43,mikey-frazier
2,2021-22,Harvard,Ivy,16,1,7.9,0.9,2.2,0.4,0.4,0.6,0.778,0.4,1.6,0.269,0.1,0.3,0.5,0.1,0.6,0.8,0.6,0.4,0.0,0.8,0.4,2.3,,-4.2,spencer-freedman
2,2021-22,Jackson State,SWAC,4,3,16.3,1.0,3.3,0.308,0.8,1.8,0.429,0.3,1.5,0.167,0.5,0.8,0.667,1.8,0.8,2.5,0.0,0.3,0.0,0.5,2.3,2.8,,-5.6,chris-freeman
1,2021-22,Weber State,Big Sky,2,0,2.5,0.0,0.5,0.0,0.0,0.0,,0.0,0.5,0.0,0.0,0.0,,0.0,0.5,0.5,0.0,0.0,0.0,0.0,0.5,0.0,,-5.21,jake-furgerson
1,2021-22,UConn,Big East,5,0,1.8,0.0,0.4,0.0,0.0,0.4,0.0,0.0,0.0,,0.4,0.8,0.5,0.0,0.4,0.4,0.2,0.2,0.0,0.4,0.2,0.4,,6.88,matt-garry
0,2021-22,South Carolina State,MEAC,29,0,15.4,1.8,6.2,0.287,0.4,2.3,0.176,1.4,3.9,0.354,0.9,1.3,0.676,0.3,0.7,1.0,1.8,0.6,0.0,1.0,1.6,5.8,,-8.39,rakeim-gary
0,2021-22,Montana State,Big Sky,5,0,6.6,1.2,3.4,0.353,0.4,0.8,0.5,0.8,2.6,0.308,0.0,0.0,,0.2,0.8,1.0,1.8,0.2,0.2,0.0,0.6,3.2,,-5.54,mareng-gatkuoth
1,2021-22,St. John's (NY),Big East,4,0,1.3,0.3,0.5,0.5,0.3,0.5,0.5,0.0,0.0,,0.3,0.5,0.5,0.3,0.3,0.5,0.0,0.0,0.0,0.0,0.8,0.8,,6.51,artemios-gavalas
2,2020-21,Washington,Pac-12,1.0,0.0,1.0,0.0,0.0,,0.0,0.0,,0.0,0.0,,0.0,0.0,,0.0,0.0,0.0,0.0,0.0,0.0,0.0,0.0,0.0,,11.61,jonah-geron
0,2021-22,UTEP,CUSA,14,0,3.7,0.2,0.8,0.273,0.1,0.4,0.333,0.1,0.4,0.2,0.1,0.2,0.667,0.3,0.5,0.8,0.3,0.0,0.0,0.6,0.5,0.6,,-0.48,kezza-giffa
3,2021-22,Dixie State,WAC,31,14,14.3,0.8,2.2,.358,0.4,0.8,.500,0.4,1.4,.279,0.3,0.6,.556,0.4,1.4,1.8,2.8,0.7,0.0,1.6,1.0,2.3,,-0.53,brock-gilbert
1,2021-22,Appalachian State,Sun Belt,8,0,4.3,0.9,1.4,0.636,0.9,1.3,0.7,0.0,0.1,0.0,0.3,0.8,0.333,0.6,0.5,1.1,0.0,0.1,0.1,0.0,0.1,2.0,,-1.45,sasha-glushkov
1,2021-22,Seton Hall,Big East,5,0,2.6,0.4,0.6,0.667,0.4,0.6,0.667,0.0,0.0,,0.2,0.2,1.0,0.0,0.2,0.2,0.2,0.4,0.0,0.0,0.8,1.0,,8.52,sylwester-granda
1,2021-22,Arkansas State,Sun Belt,14,0,5.4,0.8,1.6,0.5,0.7,1.4,0.5,0.1,0.1,0.5,0.5,0.8,0.636,0.4,0.6,1.1,0.1,0.0,0.1,0.2,0.9,2.1,,-3.5,lazar-grbovic
0,2020-21,UMass-Lowell,AEC,1,0,2.0,0.0,0.0,,0.0,0.0,,0.0,0.0,,0.0,0.0,,0.0,0.0,0.0,0.0,0.0,0.0,1.0,1.0,0.0,,-3.61,richie-greaves
2,2021-22,Denver,Summit,24,1,10.0,0.9,1.5,0.568,0.8,1.4,0.606,0.0,0.2,0.25,0.6,1.0,0.583,0.5,1.0,1.5,0.3,0.4,0.5,0.4,1.0,2.4,,-5.96,tristan-green
0,2020-21,Coastal Carolina,Sun Belt,5,0,3.6,0.2,0.8,0.25,0.2,0.2,1.0,0.0,0.6,0.0,0.0,0.4,0.0,0.0,0.6,0.6,0.2,0.0,0.0,0.0,0.2,0.4,,-7.6,mason-grigg
3,2021-22,Prairie View,SWAC,24,3,12.8,1.1,1.8,.605,1.1,1.8,.605,0.0,0.0,,0.0,0.6,.067,0.9,1.9,2.8,0.5,0.5,0.3,0.4,0.8,2.2,,-3.66,christian-guess
2,2021-22,UNC Asheville,Big South,12,0,10.1,1.2,2.9,0.4,0.5,0.8,0.6,0.7,2.1,0.32,0.3,0.5,0.667,0.1,1.0,1.1,0.5,0.3,0.0,0.4,0.8,3.3,,-5.28,jordan-hairston
1,2021-22,Western Carolina,Southern,5,0,1.4,0.0,0.2,0.0,0.0,0.0,,0.0,0.2,0.0,0.0,0.0,,0.0,0.0,0.0,0.2,0.0,0.0,0.4,0.2,0.0,,-1.9,brad-halvorsen
1,2021-22,North Dakota State,Summit,10,0,2.9,0.1,0.4,0.25,0.0,0.1,0.0,0.1,0.3,0.333,0.1,0.2,0.5,0.0,0.4,0.4,0.1,0.1,0.1,0.1,0.2,0.4,,-4.66,grayson-haman
2,2020-21,San Jose State,MWC,6,0,9.3,0.3,1.8,0.182,0.0,0.3,0.0,0.3,1.5,0.222,0.7,0.7,1.0,0.0,0.3,0.3,0.5,0.3,0.0,0.3,1.2,1.7,,0.98,kaison-hammonds
0,2021-22,BYU,WCC,10,0,1.7,0.2,0.6,0.333,0.0,0.0,,0.2,0.6,0.333,0.0,0.0,,0.0,0.0,0.0,0.1,0.0,0.0,0.1,0.0,0.6,,5.23,nate-hansen
3,2021-22,Cal State Northridge,Big West,30,23,31.1,4.7,12.2,0.384,3.2,7.5,0.427,1.5,4.7,0.314,1.2,1.9,0.638,0.5,3.4,4.0,2.8,1.5,0.0,2.3,1.8,12.0,,-1.41,elijah-hardy
2,2021-22,Cal State Northridge,Big West,20,13,22.9,2.3,6.5,0.357,1.2,2.7,0.444,1.1,3.8,0.293,0.3,0.3,0.833,1.0,2.6,3.6,0.6,0.3,0.7,0.8,1.6,6.0,,-1.41,brendan-harrick
3,2020-21,North Carolina A&T,MEAC,18,9,20.2,2.7,7.5,.363,2.0,5.5,.364,0.7,2.0,.361,2.4,2.9,.830,0.5,1.9,2.4,1.8,1.1,0.1,2.9,2.1,8.6,,-8.06,blake-harris
1,2021-22,Sacred Heart,NEC,2,0,8.0,0.5,0.5,1.0,0.5,0.5,1.0,0.0,0.0,,0.0,1.0,0.0,0.0,0.5,0.5,1.5,1.0,0.0,0.5,1.0,1.0,,-8.79,quest-harris
0,2021-22,Fordham,A-10,23,2,8.4,0.3,1.4,0.242,0.3,1.0,0.333,0.0,0.4,0.0,0.5,0.7,0.688,0.3,0.6,0.9,0.3,0.4,0.1,0.5,1.0,1.2,,-0.2,ahmad-harrison
3,2021-22,William & Mary,CAA,11,0,10.0,0.6,0.9,0.7,0.6,0.9,0.7,0.0,0.0,,0.5,0.8,0.667,0.5,1.5,2.0,0.3,0.5,0.9,0.6,1.2,1.8,,-1.88,mehkel-harvey
3,2021-22,Dixie State,WAC,9,1,3.0,0.2,0.8,.286,0.2,0.8,.286,0.0,0.0,,0.2,0.2,1.000,0.0,0.7,0.7,0.4,0.0,0.0,0.1,0.1,0.7,,-0.53,mark-hatch
0,2020-21,UC-Davis,Big West,1,0,2.0,1.0,2.0,0.5,1.0,2.0,0.5,0.0,0.0,,0.0,1.0,0.0,0.0,1.0,1.0,0.0,0.0,0.0,0.0,0.0,2.0,,-4.24,noah-haynesworth
0,2019-20-RS,Prairie View,SWAC,4,0,11.5,0.8,2.3,0.333,0.5,1.3,0.4,0.3,1.0,0.25,0.8,1.5,0.5,0.5,1.5,2.0,1.0,0.5,0.0,1.3,1.8,2.5,,-8.36,javen-hedgeman
1,2021-22,Jacksonville State,A-Sun,15,0,4.1,0.2,0.8,0.25,0.1,0.3,0.25,0.1,0.5,0.25,0.3,0.5,0.5,0.3,0.5,0.7,0.6,0.3,0.0,0.3,0.3,0.8,,-3.79,semaj-henderson
2,2020-21,Cal State Northridge,Big West,8,4,24.0,2.4,6.1,0.388,1.4,2.5,0.55,1.0,3.6,0.276,2.3,3.3,0.692,1.0,2.1,3.1,1.3,1.1,0.3,1.6,2.8,8.0,,-1.97,vante-hendrix
4,2021-22,Colgate,Patriot,11,1,1.6,0.3,0.8,.333,0.2,0.5,.400,0.1,0.4,.250,0.0,0.0,,0.0,0.2,0.2,0.1,0.0,0.1,0.0,0.5,0.6,,-6.37,blake-henry
4,2021-22,Sacramento State,Big Sky,13,3,22.4,1.8,5.6,.315,1.5,4.0,.385,0.2,1.6,.143,0.8,1.5,.500,0.6,1.5,2.1,1.5,0.8,0.1,1.2,2.2,4.5,,-5.36,deshaun-highler
1,2021-22,Niagara,MAAC,1,0,1.0,0.0,0.0,,0.0,0.0,,0.0,0.0,,0.0,0.0,,0.0,0.0,0.0,0.0,0.0,0.0,0.0,0.0,0.0,,-2.98,tahjae-hill
0,2020-21,Western Illinois,Summit,20,10,16.7,2.8,7.3,0.379,1.5,3.6,0.423,1.3,3.7,0.338,0.9,1.1,0.81,1.0,2.9,3.9,0.4,0.7,0.2,0.6,2.0,7.6,,-4.62,ramean-hinton
2,2021-22,Binghamton,AEC,22,5,11.3,1.6,3.8,0.417,1.1,1.9,0.571,0.5,1.9,0.262,0.3,0.4,0.75,0.2,1.2,1.4,1.0,0.3,0.0,1.3,1.2,4.0,,-6.18,hakon-hjalmarsson
0,2021-22,Oregon State,Pac-12,2,0,1.0,0.0,0.0,,0.0,0.0,,0.0,0.0,,0.0,0.0,,0.0,1.0,1.0,0.0,0.0,0.0,0.0,0.0,0.0,,8.4,dyshawn-hobson
1,2020-21,UT-Martin,OVC,9,8,32.1,3.2,8.3,.387,1.6,4.7,.333,1.7,3.7,.455,1.8,1.9,.941,0.7,2.4,3.1,3.4,1.4,0.0,1.1,1.7,9.9,,-5.89,eden-holt
1,2021-22,Portland State,Big Sky,2,0,7.5,0.5,3.0,0.167,0.0,1.5,0.0,0.5,1.5,0.333,0.0,0.0,,0.0,0.0,0.0,0.5,0.0,0.5,0.0,0.5,1.5,,-5.67,kiimani-holt
3,2021-22,Kansas State,Big 12,5,0,0.8,0.0,0.0,,0.0,0.0,,0.0,0.0,,0.0,0.0,,0.0,0.2,0.2,0.0,0.0,0.0,0.0,0.0,0.0,,9.06,drew-honas
3,2020-21,Georgia,SEC,26,26,28.4,3.0,6.6,0.448,1.2,1.8,0.646,1.8,4.8,0.371,0.8,1.1,0.786,1.5,1.8,3.4,0.5,0.7,0.2,0.5,2.4,8.5,,8.02,pj-horne
1,2021-22,Mississippi Valley State,SWAC,5,4,6.6,0.2,0.6,0.333,0.2,0.6,0.333,0.0,0.0,,0.0,0.0,,0.6,0.8,1.4,0.4,0.0,0.4,1.0,1.6,0.4,,-6.4,leeandre-howard
2,2021-22,Southeastern Louisiana,Southland,5,0,6.4,0.8,2.0,0.4,0.4,1.0,0.4,0.4,1.0,0.4,0.0,0.0,,0.2,1.0,1.2,0.0,0.2,0.2,0.4,0.2,2.0,,-5.77,mckay-howell
2,2021-22,Omaha,Summit,30,10,18.5,3.4,6.7,0.51,3.4,6.6,0.513,0.0,0.1,0.333,2.1,3.2,0.656,1.2,2.7,3.9,0.2,0.4,0.2,2.0,2.9,9.0,,-2.27,darrius-hughes
3,2021-22,Prairie View,SWAC,17,0,5.9,0.4,0.8,.429,0.3,0.5,.625,0.1,0.4,.167,0.2,0.5,.375,0.1,0.6,0.7,0.1,0.2,0.1,0.5,0.8,0.9,,-3.66,jock-hughes
2,2021-22,High Point,Big South,5,0,5.4,0.4,1.2,0.333,0.0,0.2,0.0,0.4,1.0,0.4,0.0,0.2,0.0,0.2,0.4,0.6,0.4,0.0,0.0,0.4,0.8,1.2,,-3.39,john-michael-hughes
1,2021-22,Holy Cross,Patriot,29,5,18.5,1.9,5.0,0.386,0.8,1.7,0.469,1.1,3.3,0.344,1.2,1.5,0.818,0.3,1.1,1.4,0.4,0.4,0.3,0.5,1.7,6.2,,-7.87,dajion-humphrey
2,2021-22,Mississippi Valley State,SWAC,25,25,34.7,4.9,14.9,0.327,2.3,6.3,0.363,2.6,8.6,0.301,1.7,2.7,0.627,0.7,2.2,2.9,2.0,1.4,0.1,2.1,2.1,14.0,,-6.4,caleb-hunter
2,2021-22,UNLV,MWC,2,0,4.0,1.0,2.5,0.4,1.0,1.0,1.0,0.0,1.5,0.0,0.0,0.0,,0.0,0.5,0.5,0.5,0.0,0.0,0.0,0.0,2.0,,4.58,trey-hurlburt
0,2021-22,Rice,CUSA,9,0,9.1,0.7,2.2,0.3,0.6,1.9,0.294,0.1,0.3,0.333,0.1,0.3,0.333,0.1,0.6,0.7,1.3,0.2,0.0,0.8,1.6,1.6,,-1.19,noah-hutchins
0,2021-22,Binghamton,AEC,5,0,1.8,0.0,0.2,0.0,0.0,0.2,0.0,0.0,0.0,,0.2,0.4,0.5,0.0,0.0,0.0,0.4,0.2,0.0,0.0,0.2,0.2,,-6.18,brett-hutchison
2,2021-22,Green Bay,Horizon,15,9,26.5,3.5,9.1,0.38,2.0,4.5,0.448,1.5,4.7,0.314,3.5,3.9,0.881,0.4,3.8,4.2,1.8,0.5,1.0,2.6,2.1,11.9,,-5.44,donovan-ivory
1,2021-22,UTSA,CUSA,6,0,5.0,0.5,1.8,0.273,0.3,0.5,0.667,0.2,1.3,0.125,0.0,0.3,0.0,0.0,0.5,0.5,0.5,0.0,0.0,0.3,0.3,1.2,,-1.49,artan-jabbar
1,2018-19,SIU-Edwardsville,OVC,13,0,8.8,0.8,1.8,0.478,0.8,1.6,0.476,0.1,0.2,0.5,0.7,1.2,0.563,0.8,1.6,2.4,0.2,0.2,0.1,0.5,0.9,2.5,,-5.06,dj-jackson
0,2017-18,UC-Davis,Big West,18,0,11.4,0.5,1.8,0.273,0.3,0.9,0.294,0.2,0.9,0.25,0.1,0.4,0.286,0.7,1.1,1.8,0.8,0.4,0.1,0.4,0.7,1.3,,-1.84,delveion-jackson
0,2021-22,North Carolina A&T,Big South,14,0,7.3,1.1,2.4,0.471,1.0,1.9,0.519,0.1,0.5,0.286,0.8,1.1,0.688,0.7,1.2,1.9,0.1,0.2,0.1,0.4,1.4,3.2,,-4.46,jaylen-jackson
1,2021-22,Loyola (MD),Patriot,27,0,13.0,0.9,2.7,0.311,0.5,1.3,0.361,0.4,1.4,0.263,0.5,0.8,0.619,0.2,0.7,0.9,0.6,0.4,0.1,0.4,1.0,2.6,,-7.95,wade-jackson
0,2020-21,Utah,Pac-12,1,0,2.0,0.0,0.0,,0.0,0.0,,0.0,0.0,,0.0,0.0,,0.0,1.0,1.0,1.0,0.0,1.0,0.0,0.0,0.0,,9.54,jack-jamele
1,2020-21,Georgia Tech,ACC,4,0,2.5,0.0,0.0,,0.0,0.0,,0.0,0.0,,0.0,0.0,,0.3,0.8,1.0,0.0,0.0,0.0,0.0,0.5,0.0,,7.91,jehloni-james
2,2021-22,Cal State Northridge,Big West,25,14,18.9,1.6,4.4,0.369,1.2,2.9,0.425,0.4,1.5,0.263,0.3,0.6,0.467,0.6,2.1,2.7,0.8,0.6,0.1,0.9,2.6,4.0,,-1.41,miles-james
0,2021-22,Kent State,MAC,12,2,13.5,1.6,4.1,0.388,0.7,0.7,1.0,0.9,3.4,0.268,0.1,0.3,0.333,0.5,2.1,2.6,0.3,0.0,0.4,0.5,0.6,4.2,,-3.07,dj-johnson
0,2021-22,Campbell,Big South,1,0,16.0,0.0,4.0,0.0,0.0,1.0,0.0,0.0,3.0,0.0,0.0,0.0,,0.0,2.0,2.0,0.0,0.0,0.0,0.0,0.0,0.0,,-5.76,dakari-johnson
1,2021-22,Illinois State,MVC,11,0,2.8,0.3,1.1,0.25,0.0,0.2,0.0,0.3,0.9,0.3,0.0,0.0,,0.3,0.4,0.6,0.2,0.0,0.0,0.1,0.0,0.8,,0.74,jayden-johnson
2,2017-18,UNLV,MWC,33,33,34.3,3.8,8.8,.428,2.3,5.0,.457,1.5,3.8,.389,4.6,5.5,.841,0.5,2.4,2.8,6.0,1.2,0.2,2.7,2.3,13.6,,1.87,jordan-johnson
2,2017-18,UNLV,MWC,33,33,34.3,3.8,8.8,.428,2.3,5.0,.457,1.5,3.8,.389,4.6,5.5,.841,0.5,2.4,2.8,6.0,1.2,0.2,2.7,2.3,13.6,,1.87,jordan-johnson
3,2021-22,Florida,SEC,1,1,0.0,0.0,0.0,,0.0,0.0,,0.0,0.0,,0.0,0.0,,0.0,0.0,0.0,0.0,0.0,0.0,0.0,0.0,0.0,,7.84,keyontae-johnson
2,2021-22,UCF,AAC,4,0,6.8,1.0,3.3,0.308,0.0,1.5,0.0,1.0,1.8,0.571,0.0,0.0,,0.3,0.5,0.8,0.3,0.3,0.0,0.8,0.3,3.0,,4.63,tony-johnsonjr
3,2019-20,St. Peter's,MAAC,26,1,13.5,1.0,3.2,0.313,0.3,0.9,0.348,0.7,2.3,0.3,0.7,0.9,0.792,0.2,1.3,1.5,0.7,0.6,0.1,0.8,1.1,3.4,,-5.9,cameron-jones
3,2017-18,Kennesaw State,A-Sun,30,30,22.0,2.7,5.0,0.547,2.7,5.0,0.55,0.0,0.0,0.0,1.0,1.5,0.644,1.0,3.7,4.8,1.1,0.7,0.3,0.9,2.5,6.4,,-4.31,jordan-jones
2,2021-22,Jackson State,SWAC,1,0,0.0,0.0,0.0,,0.0,0.0,,0.0,0.0,,1.0,1.0,1.000,0.0,0.0,0.0,0.0,0.0,0.0,0.0,0.0,1.0,,-5.60,darryl-jordan
3,2021-22,Milwaukee,Horizon,3,0,8.3,0.3,1.0,.333,0.3,1.0,.333,0.0,0.0,,0.0,0.0,,1.0,2.7,3.7,0.7,0.0,0.0,0.7,1.3,0.7,,-6.32,samba-kane
4,2021-22,LIU,NEC,30,30,28.3,5.0,9.3,.536,4.9,8.6,.564,0.1,0.7,.190,1.9,3.1,.606,2.6,4.9,7.5,1.0,0.7,0.3,2.3,2.2,12.0,,-7.03,isaac-kante
0,2021-22,North Carolina Central,MEAC,11,0,9.0,0.9,1.3,0.714,0.9,1.3,0.714,0.0,0.0,,0.2,0.6,0.286,0.5,1.5,2.0,0.2,0.0,0.2,0.8,1.7,2.0,,-7.47,samuel-keita
0,2021-22,East Carolina,AAC,2,0,0.5,0.0,0.0,,0.0,0.0,,0.0,0.0,,0.0,0.0,,0.0,0.0,0.0,0.0,0.0,0.0,0.0,0.0,0.0,,2.66,brenden-kelly
4,2021-22,Delaware State,MEAC,18,10,17.8,2.1,6.3,.327,1.4,3.8,.362,0.7,2.4,.273,0.5,1.2,.429,0.6,2.4,3.1,0.4,0.4,0.2,1.3,1.6,5.3,,-7.39,zach-kent
0,2021-22,Western Michigan,MAC,15,0,11.7,0.6,1.7,0.346,0.4,0.8,0.5,0.2,0.9,0.214,0.9,1.5,0.565,0.2,0.5,0.7,0.4,0.5,0.0,0.6,1.1,2.3,,-2.3,cameron-kimble
2,2021-22,Middle Tennessee,CUSA,26,0,8.1,1.1,2.7,0.42,0.6,0.9,0.667,0.5,1.7,0.289,0.4,0.5,0.786,0.3,0.8,1.0,0.2,0.3,0.1,0.2,0.5,3.2,,-1.16,elias-king
2,2021-22,California,Pac-12,4,0,6.5,0.8,1.8,0.429,0.8,1.5,0.5,0.0,0.3,0.0,0.0,0.0,,0.3,0.8,1.0,0.0,0.0,0.3,0.3,0.5,1.5,,6.96,dimitrios-klonaras
4,2021-22,Niagara,MAAC,15,0,5.1,0.7,1.1,.625,0.7,1.1,.625,0.0,0.0,,0.0,0.3,.000,0.3,0.6,0.9,0.1,0.2,0.0,0.3,0.6,1.3,,-2.98,nicholas-kratholm
0,2021-22,Canisius,MAAC,2,0,6.0,0.5,1.0,0.5,0.0,0.0,,0.5,1.0,0.5,0.0,0.0,,0.5,1.0,1.5,0.5,0.0,0.0,0.5,0.0,1.5,,-2.25,brandon-kulakowski
0,2021-22,Longwood,Big South,12,0,4.3,0.3,0.8,0.444,0.2,0.3,0.5,0.2,0.4,0.4,0.5,0.5,1.0,0.1,0.5,0.6,0.5,0.0,0.1,0.6,0.6,1.3,,-6.11,gakhari-lacount
1,2021-22,Cal State Fullerton,Big West,19,0,6.2,0.4,1.2,0.348,0.4,1.2,0.348,0.0,0.0,,0.9,1.3,0.75,0.6,0.3,0.8,0.1,0.0,0.3,0.5,1.3,1.8,,-2.28,lado-laku
2,2021-22,UIC,Horizon,5,0,7.8,2.0,2.6,0.769,2.0,2.4,0.833,0.0,0.2,0.0,1.2,1.2,1.0,1.0,1.4,2.4,0.4,0.2,0.4,0.6,1.8,5.2,,-6.37,marcus-larsson
1,2021-22,Alabama A&M,SWAC,14,0,6.1,0.3,1.1,0.25,0.3,1.1,0.25,0.0,0.0,,0.2,0.3,0.75,0.9,1.2,2.1,0.1,0.1,0.4,0.5,0.9,0.8,,-8.86,abba-lawal
0,2021-22,NJIT,AEC,19,17,29.5,3.3,6.9,0.481,3.1,5.6,0.551,0.2,1.3,0.167,1.1,1.7,0.606,1.1,4.6,5.7,2.2,1.9,0.7,2.3,2.5,7.9,,-6.17,james-lee
2,2021-22,Troy,Sun Belt,18,9,11.1,0.8,1.9,0.412,0.7,1.1,0.632,0.1,0.8,0.133,0.3,0.4,0.75,0.6,0.9,1.4,1.3,0.6,0.2,0.8,1.2,2.0,,-3.52,jakevan-leftridge
5,2021-22,New Hampshire,AEC,26.0,5.0,9.5,0.7,1.6,0.405,0.3,0.7,0.5,0.3,0.9,0.333,0.3,0.4,0.727,0.6,0.4,1.0,0.2,0.2,0.2,0.4,0.8,1.9,,-7.21,chris-lester
2,2021-22,Niagara,MAAC,26,2,8.1,0.4,0.7,0.556,0.3,0.5,0.75,0.0,0.2,0.167,0.1,0.2,0.333,0.1,0.7,0.8,0.3,0.3,0.0,0.3,0.9,0.9,,-2.98,steven-levnaic
2,2021-22,Chicago State,WAC,6,1,9.5,0.8,3.2,0.263,0.7,2.0,0.333,0.2,1.2,0.143,0.8,1.2,0.714,0.3,1.0,1.3,0.3,0.3,0.2,0.7,0.7,2.7,,-1.96,andrew-lewis
2,2020-21,North Texas,CUSA,23,0,9.2,1.6,2.6,.600,1.4,2.3,.635,0.1,0.3,.375,0.8,1.0,.792,0.7,1.6,2.3,0.6,0.6,0.1,0.6,0.7,4.1,,1.02,terence-lewisii
3,2021-22,Alabama State,SWAC,26,20,27.9,3.5,8.2,0.432,2.9,6.4,0.452,0.7,1.8,0.362,2.4,3.7,0.656,1.5,4.1,5.6,1.6,0.9,1.0,2.0,3.3,10.2,,-5.45,gerald-liddell
3,2021-22,Colgate,Patriot,16,1,2.6,0.1,0.3,0.4,0.1,0.3,0.4,0.0,0.0,,0.1,0.1,1.0,0.0,0.4,0.4,0.3,0.1,0.0,0.2,0.3,0.4,,-6.37,zach-light
3,2021-22,Maryland-Eastern Shore,MEAC,21,19,29.6,3.3,8.0,.413,1.7,3.2,.515,1.6,4.7,.343,2.3,3.1,.742,0.8,2.6,3.4,2.0,1.2,0.2,1.2,1.3,10.5,,-7.14,dom-london
1,2021-22,American,Patriot,1,0,1.0,0.0,0.0,,0.0,0.0,,0.0,0.0,,0.0,0.0,,0.0,0.0,0.0,0.0,0.0,0.0,0.0,0.0,0.0,,-7.91,christian-lorng
0,2019-20,Grambling,SWAC,2,0,3.5,0.5,1.5,0.333,0.5,0.5,1.0,0.0,1.0,0.0,0.0,0.0,,0.0,1.0,1.0,0.0,0.0,0.0,0.0,0.5,1.0,,-9.79,david-loville
0,2021-22,McNeese State,Southland,10,0,5.3,0.5,1.4,0.357,0.5,1.4,0.357,0.0,0.0,,0.0,0.3,0.0,0.8,0.3,1.1,0.2,0.7,0.1,0.4,0.3,1.0,,-5.04,jonathan-lucas
0,2020-21,Campbell,Big South,8,0,3.0,0.0,0.3,0.0,0.0,0.1,0.0,0.0,0.1,0.0,0.1,0.3,0.5,0.1,0.5,0.6,0.3,0.1,0.0,0.0,0.5,0.1,,-7.34,ethan-lynch
0,2021-22,Niagara,MAAC,19,0,8.9,1.0,3.2,0.311,0.6,1.4,0.407,0.4,1.8,0.235,0.5,0.6,0.833,0.2,0.7,0.9,0.5,0.3,0.0,0.2,0.5,2.9,,-2.98,julian-mackey
0,2020-21,Tarleton State,WAC,12,1,6.1,1.2,2.7,0.438,1.2,2.5,0.467,0.0,0.2,0.0,0.8,1.3,0.6,0.3,0.6,0.9,0.3,0.8,0.3,0.4,0.8,3.1,,-3.02,joey-madimba
0,2021-22,Green Bay,Horizon,6,0,5.7,0.7,2.2,0.308,0.7,1.3,0.5,0.0,0.8,0.0,0.7,0.8,0.8,0.8,0.7,1.5,0.0,0.0,0.0,0.2,0.2,2.0,,-5.44,tutu-majok
0,2021-22,Northern Illinois,MAC,21,1,6.9,0.4,1.0,0.409,0.2,0.5,0.455,0.2,0.5,0.364,0.5,0.6,0.769,0.4,0.8,1.2,0.2,0.1,0.2,0.2,1.1,1.5,,-3.07,edward-manuel
2,2021-22,Chicago State,WAC,7,0,9.3,0.6,2.6,0.222,0.3,0.9,0.333,0.3,1.7,0.167,0.1,0.6,0.25,0.9,0.4,1.3,0.1,0.3,0.3,0.4,0.7,1.6,,-1.96,carlo-marble
3,2021-22,South Carolina,SEC,31,1,11.8,1.1,2.4,0.446,1.0,2.1,0.485,0.0,0.3,0.125,0.2,0.4,0.636,0.9,1.5,2.5,0.6,0.4,0.1,0.7,0.8,2.4,,8.37,brandon-martin
3,2021-22,North Alabama,A-Sun,20,0,9.0,0.8,2.1,0.39,0.3,0.5,0.6,0.5,1.6,0.323,0.2,0.3,0.8,0.7,1.4,2.1,0.5,0.4,0.2,0.4,0.9,2.3,,-3.21,aleksa-matic
4,2021-22,UNC,ACC,7,1,2.0,0.0,0.4,.000,0.0,0.3,.000,0.0,0.1,.000,0.0,0.0,,0.1,0.3,0.4,0.0,0.1,0.0,0.1,0.3,0.0,,8.89,ryan-mcadoo
0,2021-22,Prairie View,SWAC,8,0,6.8,0.4,1.5,0.25,0.4,1.3,0.3,0.0,0.3,0.0,0.3,0.5,0.5,0.1,0.1,0.3,0.6,0.1,0.0,0.8,0.8,1.0,,-3.66,miles-mcdougal
1,2021-22,Rider,MAAC,16,1,6.6,0.5,1.4,0.348,0.3,0.9,0.333,0.2,0.5,0.375,0.6,0.8,0.833,0.6,0.6,1.2,0.3,0.3,0.0,0.6,0.9,1.8,,-3.56,jaelen-mcglone
0,2021-22,North Dakota,Summit,1,0,27.0,0.0,0.0,,0.0,0.0,,0.0,0.0,,0.0,0.0,,0.0,0.0,0.0,0.0,0.0,0.0,0.0,0.0,0.0,,-5.26,gavin-mcgrath
0,2020-21,James Madison,CAA,5,0,1.6,0.4,1.0,0.4,0.4,0.8,0.5,0.0,0.2,0.0,0.0,0.0,,0.0,0.4,0.4,0.0,0.2,0.0,0.0,0.0,0.8,,-3.17,tyce-mcnair
0,2021-22,Radford,Big South,25,3,15.4,1.7,4.9,0.35,1.2,2.8,0.414,0.6,2.1,0.264,0.5,0.7,0.706,0.1,1.6,1.7,0.7,0.5,0.0,1.1,0.8,4.5,,-3.9,camron-mcneil
3,2021-22,UC-Riverside,Big West,3,0,8.0,0.7,3.0,0.222,0.7,2.0,0.333,0.0,1.0,0.0,0.3,0.7,0.5,0.7,1.3,2.0,1.0,0.3,0.0,1.0,1.3,1.7,,-1.89,angus-mcwilliam
1,2021-22,San Jose State,MWC,2,0,12.0,1.0,4.5,0.222,0.0,1.5,0.0,1.0,3.0,0.333,0.0,0.0,,1.0,1.5,2.5,3.5,1.0,0.0,1.0,0.5,3.0,,3.79,sebastian-mendoza
1,2021-22,Elon,CAA,13,1,1.9,0.0,0.4,0.0,0.0,0.0,,0.0,0.4,0.0,0.4,0.5,0.714,0.0,0.2,0.2,0.0,0.1,0.0,0.0,0.2,0.4,,1.39,charles-mendys
0,2021-22,Maryland-Eastern Shore,MEAC,26,0,8.0,1.3,3.7,0.365,0.4,0.7,0.526,1.0,3.0,0.325,0.1,0.2,0.6,0.3,0.8,1.2,0.1,0.3,0.1,0.5,0.9,3.8,,-7.14,mike-mensah
0,2021-22,Brown,Ivy,19,3,8.1,0.8,1.8,0.441,0.8,1.5,0.536,0.0,0.3,0.0,0.7,1.2,0.609,0.3,1.1,1.4,0.5,0.5,0.1,0.7,0.9,2.3,,-1.91,noah-meren
2,2021-22,Austin Peay,OVC,13,1,11.0,1.2,3.2,0.366,0.6,1.3,0.471,0.5,1.8,0.292,0.8,1.1,0.714,0.5,1.8,2.3,0.2,0.2,0.6,0.5,2.0,3.6,,-3.39,corbin-merritt
1,2021-22,Indiana State,MVC,9,0,4.9,0.2,0.6,0.4,0.2,0.6,0.4,0.0,0.0,,0.0,0.0,,0.0,0.8,0.8,0.4,0.3,0.0,0.6,0.1,0.4,,1.94,sam-mervis
1,2021-22,Wagner,NEC,11,1,13.9,1.4,2.6,0.517,1.4,2.6,0.517,0.0,0.0,,0.5,1.0,0.545,1.1,1.4,2.5,1.4,0.6,0.0,0.7,1.5,3.3,,-9.01,ashton-miller
0,2020-21,Eastern Illinois,OVC,1,0,1.0,0.0,1.0,0.0,0.0,1.0,0.0,0.0,0.0,,0.0,0.0,,0.0,0.0,0.0,0.0,0.0,0.0,0.0,0.0,0.0,,-7.19,isaac-miller
1,2020-21,Washington State,Pac-12,10,0,10.9,0.5,2.3,0.217,0.5,1.8,0.278,0.0,0.5,0.0,0.9,2.1,0.429,1.0,1.6,2.6,0.7,0.1,0.1,1.1,1.3,1.9,,6.93,tony-miller
1,2020-21,Coastal Carolina,Sun Belt,5,0,4.0,0.6,1.0,0.6,0.0,0.2,0.0,0.6,0.8,0.75,0.0,0.0,,0.0,0.0,0.0,0.0,0.2,0.0,0.4,0.0,1.8,,-7.6,jalen-milner
0,2021-22,Portland,WCC,11,0,6.2,0.2,1.1,0.167,0.1,0.5,0.167,0.1,0.5,0.167,0.4,0.5,0.667,0.1,1.2,1.3,0.3,0.3,0.0,0.5,0.5,0.8,,-1.11,nikola-milosevic
3,2021-22,Eastern Kentucky,A-Sun,12,1,4.8,0.1,0.7,.125,0.0,0.3,.000,0.1,0.3,.250,0.0,0.0,,0.0,0.4,0.4,0.3,0.3,0.0,0.3,0.7,0.3,,-5.38,isaiah-minter
2,2021-22,UMass,A-10,16,1,7.9,0.4,0.9,0.429,0.4,0.8,0.5,0.0,0.1,0.0,0.2,0.3,0.75,0.4,0.4,0.8,0.8,0.6,0.0,0.6,0.8,0.9,,1.7,kolton-mitchell
2,2021-22,Bethune-Cookman,SWAC,12,0,4.7,0.1,0.3,0.25,0.1,0.3,0.333,0.0,0.1,0.0,0.2,0.3,0.5,0.2,0.5,0.7,0.1,0.1,0.0,0.3,0.3,0.3,,-6.7,matthew-mondesir
1,2021-22,Western Carolina,Southern,23,0,9.1,0.9,2.3,0.377,0.6,1.5,0.412,0.3,0.8,0.316,0.7,1.0,0.696,0.7,0.9,1.7,0.1,0.2,0.0,0.5,0.9,2.7,,-1.9,madison-monroe
1,2021-22,Stephen F. Austin,WAC,3,0,4.0,1.0,1.7,0.6,1.0,1.3,0.75,0.0,0.3,0.0,0.7,0.7,1.0,0.0,1.3,1.3,0.3,0.3,0.0,0.0,0.7,2.7,,-1.6,jules-moor
0,2018-19,Wichita State,AAC,4,0,5.0,0.3,1.0,0.25,0.3,0.8,0.333,0.0,0.3,0.0,0.3,0.5,0.5,0.8,0.0,0.8,0.0,0.0,0.0,0.5,0.5,0.8,,5.91,chance-moore
3,2021-22,Charleston Southern,Big South,21.0,4.0,9.4,0.9,2.0,0.429,0.1,0.2,0.4,0.8,1.8,0.432,0.2,0.5,0.455,0.5,1.1,1.6,0.4,0.1,0.0,0.3,0.9,2.7,,-4.21,jamir-moore
3,2021-22,Alcorn State,SWAC,5,0,10.4,0.8,2.4,.333,0.8,2.0,.400,0.0,0.4,.000,0.6,0.8,.750,0.4,0.6,1.0,0.6,0.8,0.0,0.6,0.8,2.2,,-4.12,marco-morency
2,2021-22,Notre Dame,ACC,6,0,2.3,0.0,0.3,0.0,0.0,0.3,0.0,0.0,0.0,,1.0,1.0,1.0,0.2,0.3,0.5,0.7,0.3,0.0,0.2,0.0,1.0,,7.01,elijah-morgan
3,2021-22,McNeese State,Southland,9,0,23.2,2.8,7.8,0.357,1.1,2.7,0.417,1.7,5.1,0.326,0.6,1.2,0.455,0.3,2.0,2.3,1.8,0.9,0.2,2.8,2.1,7.8,,-5.04,tj-moss
3,2021-22,Southern Utah,Big Sky,10,0,5.2,0.3,0.8,.375,0.3,0.8,.375,0.0,0.0,,0.1,0.4,.250,0.8,0.7,1.5,0.0,0.1,0.4,0.1,0.5,0.7,,-4.57,malik-muhammad
2,2021-22,UC-Davis,Big West,24.0,0.0,10.9,0.8,1.5,0.514,0.8,1.5,0.528,0.0,0.0,0.0,0.5,0.9,0.545,1.0,1.7,2.7,0.1,0.2,0.1,0.4,1.8,2.1,,-4.29,aaron-murphy
2,2021-22,NJIT,AEC,10.0,0.0,3.7,0.6,1.4,0.429,0.6,1.4,0.429,0.0,0.0,,0.2,0.6,0.333,0.5,0.5,1.0,0.2,0.1,0.2,0.1,0.0,1.4,,-6.17,jason-murphy
3,2021-22,New Orleans,Southland,28,1,12.7,1.7,3.0,0.578,1.7,3.0,0.578,0.0,0.0,,0.6,0.9,0.64,0.7,1.8,2.5,0.6,0.4,0.3,0.8,2.0,4.0,,-7.16,jahmel-myers
1,2021-22,Iona,MAAC,33,1,15.7,1.8,5.2,0.353,0.9,2.4,0.363,1.0,2.8,0.344,0.7,1.1,0.639,0.2,1.3,1.5,1.0,0.3,0.1,0.9,1.5,5.4,,-1.14,ryan-myers
0,2021-22,Northern Illinois,MAC,7,0,3.0,0.1,0.3,0.5,0.1,0.3,0.5,0.0,0.0,,0.4,1.4,0.3,0.6,0.9,1.4,0.0,0.1,0.0,0.0,0.0,0.7,,-3.07,montavious-myrick
0,2021-22,NJIT,AEC,2,0,3.5,0.0,1.5,0.0,0.0,1.0,0.0,0.0,0.5,0.0,0.0,0.0,,0.0,0.0,0.0,0.0,0.0,0.0,0.0,0.5,0.0,,-6.17,jacob-mansson
2,2020-21,Georgia,SEC,14,0,6.6,0.6,1.7,.375,0.3,0.6,.444,0.4,1.1,.333,0.0,0.0,,0.4,1.0,1.4,0.1,0.1,0.2,0.4,0.4,1.6,,8.02,jonathan-ned
0,2020-21,South Carolina State,MEAC,13,0,7.7,0.7,1.8,0.391,0.6,1.5,0.4,0.1,0.2,0.333,0.2,0.2,0.667,0.3,0.8,1.2,0.0,0.2,0.0,0.6,0.7,1.6,,-7.56,quamain-nelson
2,2021-22,Central Connecticut,NEC,18,7,15.7,1.0,4.5,0.222,0.6,2.4,0.256,0.4,2.1,0.184,0.7,1.1,0.632,0.2,0.7,0.9,0.7,0.5,0.0,0.8,1.5,3.1,,-7.09,zach-newkirk
2,2021-22,Oakland,Horizon,14,1,3.7,0.6,1.0,0.571,0.6,0.9,0.615,0.0,0.1,0.0,0.1,0.2,0.333,0.2,0.3,0.5,0.5,0.4,0.0,0.2,0.4,1.2,,-4.06,emmanuel-newsome
3,2020-21,Fairfield,MAAC,22,2,11.7,1.1,3.1,.368,0.9,2.4,.365,0.3,0.7,.375,0.1,0.5,.200,1.4,2.5,3.9,0.9,0.3,0.2,1.0,1.5,2.6,,-6.57,tshiefu-ngalakulondi
3,2021-22,Florida Atlantic,CUSA,32,0,6.4,0.9,2.0,0.444,0.9,1.8,0.5,0.0,0.2,0.0,0.3,0.4,0.833,0.8,0.8,1.6,0.1,0.3,0.1,0.2,0.5,2.1,,-1.82,madiaw-niang
1,2021-22,LIU,NEC,9,1,3.6,0.4,0.9,0.5,0.1,0.2,0.5,0.3,0.7,0.5,0.0,0.0,,0.0,0.0,0.0,0.2,0.1,0.1,0.4,0.3,1.2,,-7.03,devin-nicholson
2,2021-22,Lamar,WAC,15,5,16.9,2.5,4.5,0.559,2.5,4.5,0.559,0.0,0.0,,0.6,1.3,0.474,2.5,3.1,5.5,0.4,0.2,0.9,1.6,1.7,5.7,,-2.6,corey-nickerson
3,2021-22,Virginia,ACC,2,0,2.0,0.0,0.5,0.0,0.0,0.5,0.0,0.0,0.0,,0.0,0.0,,0.0,0.5,0.5,0.0,0.0,0.0,0.0,0.0,0.0,,6.6,jayden-nixon
3,2021-22,Weber State,Big Sky,6,0,4.3,0.0,1.2,0.0,0.0,0.8,0.0,0.0,0.3,0.0,0.7,1.0,0.667,0.3,1.0,1.3,0.0,0.2,0.2,0.2,0.0,0.7,,-5.21,david-nzekwesi
1,2020-21,Chattanooga,Southern,3,0,7.0,1.3,4.0,0.333,1.0,3.0,0.333,0.3,1.0,0.333,0.7,1.3,0.5,1.0,0.3,1.3,0.3,0.3,0.0,0.3,1.0,3.7,,-2.92,prosper-obidiebube
3,2021-22,Loyola (MD),Patriot,1.0,1.0,4.0,0.0,1.0,0.0,0.0,1.0,0.0,0.0,0.0,,0.0,0.0,,0.0,0.0,0.0,0.0,0.0,0.0,1.0,1.0,0.0,,-7.95,casmir-ochiaka
0,2021-22,Purdue-Fort Wayne,Horizon,5,0,6.0,1.4,2.0,0.7,0.6,0.8,0.75,0.8,1.2,0.667,0.0,0.2,0.0,0.0,0.4,0.4,0.2,0.4,0.2,0.2,0.4,3.6,,-6.69,rj-ogom
0,2021-22,Pacific,WCC,14,0,2.9,0.0,0.0,,0.0,0.0,,0.0,0.0,,0.0,0.1,0.0,0.0,0.4,0.4,0.4,0.1,0.1,0.3,0.6,0.0,,0.41,gabe-oliveira
5,2021-22,Old Dominion,CUSA,32,11,17.6,0.8,2.8,.303,0.5,1.0,.485,0.3,1.8,.196,0.5,0.9,.607,0.5,1.5,2.0,1.0,0.5,0.1,0.8,1.9,2.6,,-0.09,aj-oliverii
2,2020-21,Minnesota,Big Ten,7,0,9.9,0.6,1.0,0.571,0.6,1.0,0.571,0.0,0.0,,0.6,0.9,0.667,0.6,1.7,2.3,0.9,1.3,0.4,0.4,2.7,1.7,,11.73,jarvis-omersa
0,2021-22,Holy Cross,Patriot,3,0,2.7,0.3,0.7,0.5,0.3,0.7,0.5,0.0,0.0,,0.0,0.0,,0.3,0.0,0.3,0.7,0.0,0.0,0.0,0.0,0.7,,-7.87,tomer-oron
0,2021-22,Penn State,Big Ten,2,0,1.5,0.0,1.0,0.0,0.0,1.0,0.0,0.0,0.0,,0.0,0.0,,0.0,0.0,0.0,0.0,0.5,0.0,0.5,0.5,0.0,,9.1,irekefe-oweh
2,2021-22,Jacksonville State,A-Sun,28,1,11.5,1.0,2.0,.509,0.9,1.3,.694,0.1,0.8,.190,0.6,1.1,.563,0.7,1.8,2.5,0.6,0.5,0.4,0.5,0.5,2.9,,-3.79,jay-pal
1,2021-22,Milwaukee,Horizon,5,0,1.4,0.0,0.2,0.0,0.0,0.2,0.0,0.0,0.0,,0.0,0.0,,0.0,0.6,0.6,0.2,0.0,0.0,0.2,0.2,0.0,,-6.32,nick-pappas
0,2021-22,Florida International,CUSA,9,0,4.6,1.0,1.3,0.75,1.0,1.2,0.818,0.0,0.1,0.0,0.6,1.0,0.556,0.1,0.2,0.3,0.1,0.3,0.0,0.3,0.7,2.6,,-3.27,daniel-parrish
0,2020-21,Kansas City,Summit,8,0,9.3,1.1,2.4,0.474,0.8,1.1,0.667,0.4,1.3,0.3,0.0,0.0,,0.0,1.1,1.1,0.9,0.1,0.1,0.6,1.0,2.6,,-2.67,paxton-payne
3,2021-22,Kentucky,SEC,9,0,1.4,0.2,0.7,.333,0.2,0.3,.667,0.0,0.3,.000,0.4,0.4,1.000,0.0,0.2,0.2,0.0,0.1,0.0,0.1,0.1,0.9,,8.02,zan-payne
0,2021-22,Pitt,ACC,13,0,3.1,0.3,0.5,0.667,0.2,0.4,0.6,0.1,0.1,1.0,0.1,0.2,0.333,0.3,0.5,0.8,0.2,0.1,0.1,0.4,0.5,0.8,,6.98,chris-payton
0,2021-22,Washington,Pac-12,6,0,1.5,0.3,0.7,0.5,0.0,0.2,0.0,0.3,0.5,0.667,0.0,0.0,,0.0,0.2,0.2,0.2,0.2,0.0,0.3,0.0,1.0,,6.72,dominiq-penn
0,2021-22,Fairleigh Dickinson,NEC,9,0,2.6,0.1,0.1,1.0,0.1,0.1,1.0,0.0,0.0,,0.1,0.2,0.5,0.6,0.0,0.6,0.0,0.1,0.0,0.1,0.4,0.3,,-6.21,robby-phillips
1,2020-21,Nebraska,Big Ten,10.0,0.0,1.8,0.1,0.1,1.0,0.0,0.0,,0.1,0.1,1.0,0.1,0.2,0.5,0.1,0.1,0.2,0.0,0.0,0.0,0.1,0.0,0.4,,12.28,jace-piatkowski
0,2020-21,Detroit,Horizon,2,0,2.0,0.5,1.0,0.5,0.5,1.0,0.5,0.0,0.0,,0.0,0.0,,0.0,0.0,0.0,0.0,0.0,0.0,0.0,0.0,1.0,,-6.21,jamail-pink
1,2021-22,Houston Baptist,Southland,4,0,4.3,0.8,2.5,0.3,0.8,2.3,0.333,0.0,0.3,0.0,0.0,0.0,,1.3,1.3,2.5,0.3,0.0,0.3,0.0,0.5,1.5,,-6.71,collin-plummer
2,2020-21,Chicago State,WAC,6,4,25.0,3.2,7.0,.452,2.7,5.2,.516,0.5,1.8,.273,0.5,0.7,.750,0.7,1.3,2.0,0.7,0.5,0.3,1.5,2.5,7.3,,1.41,jordan-polynice
4,2021-22,Rider,MAAC,27,0,11.7,1.2,3.2,.368,0.7,1.7,.422,0.5,1.6,.310,0.3,0.3,1.000,0.2,0.9,1.1,0.3,0.3,0.1,0.5,0.5,3.1,,-3.56,jeremiah-pope
0,2021-22,Bethune-Cookman,SWAC,8,0,1.9,0.4,0.6,0.6,0.4,0.5,0.75,0.0,0.1,0.0,0.0,0.0,,0.0,0.1,0.1,0.0,0.0,0.0,0.3,0.3,0.8,,-6.7,shakur-poteat
1,2021-22,Northwestern State,Southland,9,0,5.4,0.7,1.3,0.5,0.3,0.4,0.75,0.3,0.9,0.375,0.0,0.0,,0.0,0.2,0.2,0.2,0.0,0.1,0.3,0.2,1.7,,-3.2,jordan-potts
3,2021-22,UC-San Diego,Big West,7.0,1.0,6.3,0.9,2.0,0.429,0.9,1.7,0.5,0.0,0.3,0.0,0.3,0.3,1.0,0.0,0.9,0.9,0.4,0.1,0.0,0.1,0.0,2.0,,-3.78,justin-pratt
1,2021-22,North Carolina Central,MEAC,14,0,15.6,2.5,6.0,0.417,1.8,2.9,0.61,0.7,3.1,0.233,0.0,0.1,0.0,0.6,1.1,1.7,0.7,1.1,0.1,0.7,0.8,5.7,,-7.47,asanti-price
4,2021-22,Charleston Southern,Big South,20,11,20.4,2.3,4.2,0.542,2.1,3.7,0.575,0.2,0.5,0.3,1.4,2.3,0.587,1.3,3.0,4.3,1.9,1.1,0.3,2.4,2.2,6.0,,-4.21,sean-price
0,2021-22,Hawaii,Big West,9,0,1.7,0.0,0.4,0.0,0.0,0.3,0.0,0.0,0.1,0.0,0.0,0.2,0.0,0.2,0.3,0.6,0.0,0.0,0.0,0.0,0.4,0.0,,-3.06,jaka-prevodnik
1,2021-22,Alabama,SEC,3,0,1.0,0.0,0.7,0.0,0.0,0.7,0.0,0.0,0.0,,0.0,1.0,0.0,0.3,0.7,1.0,0.3,0.0,0.0,0.3,0.3,0.0,,11.59,jaden-quinerly
2,2021-22,Idaho,Big Sky,24,6,17.2,1.2,3.6,0.322,0.2,0.6,0.286,1.0,3.0,0.329,0.1,0.1,1.0,0.1,0.8,0.9,0.6,0.2,0.0,0.5,1.0,3.5,,-4.78,gabe-quinnett
2,2021-22,Texas Southern,SWAC,30,12,17.4,1.7,3.8,0.452,1.7,3.4,0.49,0.1,0.4,0.154,0.9,1.5,0.636,1.4,3.1,4.6,0.6,0.3,0.4,1.0,1.7,4.5,,-6.24,yahuza-rasas
0,2021-22,Texas A&M-Corpus Christi,Southland,4,0,7.5,1.5,3.3,0.462,1.5,2.8,0.545,0.0,0.5,0.0,0.8,1.0,0.75,0.5,1.8,2.3,1.0,0.8,0.0,0.8,0.3,3.8,,-9.1,donovan-ray
1,2021-22,Eastern Kentucky,A-Sun,5,0,1.2,0.2,1.0,0.2,0.0,0.2,0.0,0.2,0.8,0.25,0.0,0.0,,0.0,0.0,0.0,0.0,0.0,0.0,0.2,0.6,0.6,,-5.38,jordan-reeves-young
2,2021-22,Long Beach State,Big West,21.0,0.0,4.5,0.2,0.7,0.286,0.1,0.3,0.333,0.1,0.4,0.25,0.3,0.7,0.467,0.2,0.3,0.6,0.1,0.1,0.0,0.6,0.5,0.8,,0.35,rj-rhoden
0,2021-22,UCF,AAC,1,0,0.0,0.0,0.0,,0.0,0.0,,0.0,0.0,,0.0,0.0,,0.0,0.0,0.0,0.0,0.0,0.0,0.0,0.0,0.0,,4.63,edxavior-rhodes
0,2021-22,Delaware State,MEAC,17,0,11.1,0.9,2.5,0.381,0.5,1.1,0.5,0.4,1.4,0.292,0.4,0.8,0.462,0.2,0.9,1.1,0.8,0.4,0.0,0.5,0.6,2.6,,-7.39,avery-richardson
3,2021-22,LIU,NEC,26,8,25.7,2.3,6.0,.387,0.7,1.6,.429,1.6,4.3,.372,0.8,1.5,.553,0.5,3.2,3.7,2.5,0.7,0.3,1.2,2.3,7.0,,-7.03,alex-rivera
0,2021-22,Chicago State,WAC,12,0,7.9,0.8,2.3,0.37,0.8,1.5,0.5,0.1,0.8,0.111,0.4,0.4,1.0,0.8,1.0,1.8,0.4,0.4,0.0,0.6,1.2,2.2,,-1.96,jincho-rivera
3,2021-22,Lamar,WAC,27,20,28.7,4.7,12.0,.394,3.6,8.3,.435,1.1,3.8,.304,2.9,4.0,.720,0.4,2.0,2.4,2.4,1.1,0.2,2.7,2.7,13.5,,-2.60,cj-roberts
0,2021-22,Northern Arizona,Big Sky,6,0,4.5,1.0,1.7,0.6,1.0,1.7,0.6,0.0,0.0,,0.5,0.7,0.75,0.0,0.8,0.8,0.2,0.2,0.0,0.2,0.8,2.5,,-4.1,spencer-roberts
2,2021-22,Stetson,A-Sun,5,0,2.8,0.6,1.4,.429,0.2,0.4,.500,0.4,1.0,.400,0.6,0.6,1.000,0.4,0.0,0.4,0.0,0.0,0.2,0.2,0.0,2.2,,-4.07,davante-robinson
1,2021-22,Florida Gulf Coast,A-Sun,6,0,7.5,1.2,3.3,0.35,0.0,0.0,,1.2,3.3,0.35,0.8,1.0,0.833,0.3,1.5,1.8,0.5,0.2,0.0,0.2,0.2,4.3,,-4.91,victor-rosa
0,2021-22,St. John's (NY),Big East,4,0,1.0,0.0,0.0,,0.0,0.0,,0.0,0.0,,0.0,0.0,,0.0,0.5,0.5,0.3,0.0,0.3,0.0,0.0,0.0,,6.51,jalen-rosemond
1,2021-22,USC,Pac-12,1,0,1.0,1.0,1.0,1.0,0.0,0.0,,1.0,1.0,1.0,0.0,0.0,,0.0,2.0,2.0,0.0,0.0,0.0,0.0,0.0,3.0,,6.09,amar-ross
0,2021-22,Milwaukee,Horizon,12,0,1.5,0.2,0.3,0.5,0.1,0.3,0.333,0.1,0.1,1.0,0.0,0.0,,0.1,0.3,0.3,0.0,0.1,0.1,0.1,0.0,0.4,,-6.32,kyle-ross
2,2021-22,Eastern Washington,Big Sky,2,2,10.0,0.5,2.5,0.2,0.5,2.0,0.25,0.0,0.5,0.0,0.0,0.0,,0.0,1.0,1.0,1.5,0.0,0.0,0.5,2.0,1.0,,-5.14,casson-rouse
0,2020-21,UCSB,Big West,2,0,5.0,1.5,1.5,1.0,1.5,1.5,1.0,0.0,0.0,,1.0,1.0,1.0,1.0,0.5,1.5,0.0,0.0,1.0,0.5,0.5,4.0,,-2.08,niko-rocak
4,2021-22,Mississippi State,SEC,5,0,1.6,0.2,0.4,.500,0.0,0.0,,0.2,0.4,.500,0.0,0.0,,0.0,0.2,0.2,0.0,0.0,0.0,0.0,0.0,0.6,,7.60,justin-rumph
1,2021-22,Buffalo,MAC,10,0,2.6,0.7,1.3,0.538,0.3,0.3,1.0,0.4,1.0,0.4,0.0,0.1,0.0,0.3,0.7,1.0,0.4,0.0,0.0,0.3,0.6,1.8,,-3.21,lucas-saleh
1,2021-22,UNC Wilmington,CAA,14,0,4.5,0.1,0.4,0.2,0.0,0.3,0.0,0.1,0.1,1.0,0.6,0.9,0.615,0.2,0.7,0.9,0.0,0.0,0.1,0.1,0.6,0.8,,-2.84,khadim-samb
1,2021-22,William & Mary,CAA,3,0,2.3,0.0,0.0,,0.0,0.0,,0.0,0.0,,0.0,0.0,,0.0,0.3,0.3,0.0,0.0,0.0,0.3,0.3,0.0,,-1.88,kurt-samuelsjr
1,2020-21,Cleveland State,Horizon,11,0,3.3,0.4,0.5,0.667,0.4,0.5,0.667,0.0,0.0,,0.2,0.4,0.5,0.2,0.3,0.5,0.1,0.4,0.0,0.1,1.0,0.9,,-4.82,jeremy-sanchez
0,2021-22,Maryland-Eastern Shore,MEAC,1,0,6.0,0.0,1.0,0.0,0.0,1.0,0.0,0.0,0.0,,0.0,0.0,,0.0,0.0,0.0,0.0,0.0,0.0,1.0,0.0,0.0,,-7.14,lamont-sanders
1,2021-22,Eastern Illinois,OVC,27,2,13.1,0.7,2.7,0.26,0.5,1.9,0.269,0.2,0.8,0.238,0.8,1.0,0.778,0.1,0.9,1.0,0.3,0.2,0.0,0.6,0.4,2.4,,-3.97,micah-schnyders
3,2021-22,Long Beach State,Big West,24,0,8.3,0.6,1.4,0.412,0.5,1.2,0.464,0.0,0.3,0.167,0.3,0.7,0.5,0.3,0.9,1.2,0.3,0.1,0.0,0.5,0.9,1.5,,0.35,eddie-scott
2,2021-22,UC-Davis,Big West,4,0,4.3,1.0,1.0,1.0,1.0,1.0,1.0,0.0,0.0,,0.5,1.0,0.5,0.3,0.8,1.0,0.3,0.0,0.3,0.3,0.3,2.5,,-4.29,bj-shaw
0,2021-22,Detroit,Horizon,15,3,9.5,0.7,1.9,0.379,0.7,1.2,0.611,0.0,0.7,0.0,0.5,0.7,0.727,0.5,1.1,1.5,0.1,0.1,0.1,0.3,0.9,2.0,,-5.02,jeramy-shaw
2,2021-22,Portland,WCC,27,3,7.8,1.7,2.9,0.57,1.7,2.9,0.57,0.0,0.0,,0.6,0.9,0.625,0.9,0.9,1.7,0.2,0.0,0.3,0.7,1.3,3.9,,-1.11,matheus-silveira
1,2021-22,St. Peter's,MAAC,19,1,8.7,0.7,2.3,0.302,0.5,1.5,0.31,0.2,0.7,0.286,0.2,0.2,0.75,0.5,0.7,1.3,0.5,0.5,0.1,0.9,1.0,1.7,,-0.47,marty-silvera
3,2021-22,San Jose State,MWC,23,6,12.4,1.0,2.7,0.361,0.6,1.1,0.52,0.4,1.6,0.25,0.3,0.5,0.583,0.5,0.9,1.3,0.3,0.3,0.1,0.6,1.1,2.6,,3.79,caleb-simmons
0,2021-22,Northwestern,Big Ten,27,7,11.6,1.0,2.3,0.413,0.8,1.7,0.468,0.1,0.6,0.25,0.4,0.8,0.545,0.7,0.9,1.5,0.5,0.4,0.1,0.6,1.1,2.5,,7.11,casey-simmons
1,2021-22,Samford,Southern,10,0,4.2,0.1,1.2,0.083,0.1,0.8,0.125,0.0,0.4,0.0,0.4,0.5,0.8,0.3,1.1,1.4,0.3,0.2,0.0,0.1,0.4,0.6,,-1.76,angel-smith
1,2020-21,Pitt,ACC,3,0,1.3,0.0,0.3,0.0,0.0,0.0,,0.0,0.3,0.0,0.0,0.0,,0.0,0.7,0.7,0.0,0.0,0.0,0.0,0.3,0.0,,6.75,chayce-smith
1,2021-22,Delaware State,MEAC,19,7,15.1,1.2,3.0,0.386,1.2,3.0,0.386,0.0,0.0,,0.2,0.4,0.5,1.0,2.2,3.2,0.4,0.3,0.5,1.3,1.9,2.5,,-7.39,christopher-smith
0,2021-22,Northwestern State,Southland,2,0,7.0,2.0,3.0,0.667,1.5,2.0,0.75,0.5,1.0,0.5,0.5,1.0,0.5,0.5,0.0,0.5,0.0,0.0,0.0,0.5,0.5,5.0,,-3.2,cooper-smith
0,2020-21,Florida A&M,MEAC,4,0,6.8,0.0,0.5,0.0,0.0,0.5,0.0,0.0,0.0,,0.0,0.0,,0.0,0.0,0.0,0.0,0.3,0.0,0.3,0.0,0.0,,-9.55,jahvon-smith
0,2021-22,Abilene Christian,WAC,18,0,6.4,0.9,2.1,0.421,0.8,1.6,0.5,0.1,0.6,0.2,0.5,0.9,0.563,0.3,0.6,0.9,0.3,0.1,0.1,0.7,0.8,2.4,,-2.09,stevie-smith
0,2021-22,Troy,Sun Belt,22,1,11.8,1.2,3.7,0.321,0.5,1.4,0.333,0.7,2.3,0.314,1.0,1.5,0.688,0.4,0.9,1.3,0.9,0.5,0.2,1.0,1.0,4.1,,-3.52,tk-smith
2,2021-22,Northern Colorado,Big Sky,10,0,9.1,0.6,2.1,0.286,0.0,0.0,,0.6,2.1,0.286,0.4,0.4,1.0,0.2,0.5,0.7,0.9,0.1,0.1,0.6,0.8,2.2,,-3.67,treshon-smoots
3,2021-22,Delaware State,MEAC,28,23,20.4,1.2,2.4,0.507,1.2,2.4,0.507,0.0,0.0,,0.5,1.0,0.5,1.9,3.9,5.8,0.2,0.3,2.1,2.0,2.8,2.9,,-7.39,chris-sodom
3,2021-22,Cal State Fullerton,Big West,2,0,5.0,0.0,1.0,.000,0.0,0.0,,0.0,1.0,.000,0.0,0.0,,0.0,0.0,0.0,0.0,0.5,0.0,1.0,0.5,0.0,,-2.28,landis-spivey
2,2021-22,Delaware State,MEAC,13,11,28.1,3.4,7.5,0.449,1.9,3.9,0.49,1.5,3.6,0.404,2.5,3.9,0.647,0.6,2.9,3.5,1.4,1.3,0.2,3.5,2.8,10.8,,-7.39,john-stansbury
0,2021-22,Radford,Big South,27,10,20.7,2.6,5.4,0.476,2.2,4.4,0.5,0.3,0.9,0.36,1.5,2.1,0.732,1.0,1.5,2.6,2.2,1.1,0.0,2.6,1.8,7.0,,-3.9,artese-stapleton
0,2021-22,NJIT,AEC,6,0,1.5,0.2,0.3,0.5,0.2,0.3,0.5,0.0,0.0,,0.0,0.5,0.0,0.2,0.2,0.3,0.2,0.3,0.0,0.0,0.0,0.3,,-6.17,chauncey-sterling
3,2021-22,Manhattan,MAAC,16,7,24.4,2.4,5.5,0.432,0.6,1.1,0.588,1.8,4.4,0.394,1.3,1.4,0.909,0.3,1.5,1.8,0.9,1.1,0.1,1.3,1.9,7.8,,-3.85,samir-stewart
2,2021-22,Arkansas-Pine Bluff,SWAC,30,11,21.6,1.9,4.5,0.412,1.5,3.0,0.484,0.4,1.5,0.267,1.1,1.5,0.773,1.0,1.9,2.9,1.2,0.6,0.2,1.2,2.0,5.3,,-4.58,kshun-stokes
4,2021-22,Northeastern,CAA,31,7,18.2,2.2,5.5,0.406,1.2,2.3,0.514,1.1,3.2,0.33,0.7,0.9,0.75,0.6,1.8,2.4,0.8,0.2,0.1,0.6,1.4,6.2,,-1.19,jason-strong
0,2021-22,Idaho State,Big Sky,16,0,3.4,0.1,0.6,0.222,0.1,0.3,0.25,0.1,0.3,0.2,0.1,0.1,1.0,0.1,0.8,0.9,0.0,0.0,0.0,0.3,0.5,0.4,,-5.28,pablo-tamba
3,2021-22,UC-San Diego,Big West,6.0,0.0,6.0,0.7,0.8,0.8,0.5,0.5,1.0,0.2,0.3,0.5,2.5,3.0,0.833,0.0,0.5,0.5,0.5,0.0,0.0,0.3,0.3,4.0,,-3.78,lunden-taylor
3,2021-22,Ohio,MAC,3,0,3.0,0.3,0.3,1.0,0.3,0.3,1.0,0.0,0.0,,0.7,0.7,1.0,0.0,0.3,0.3,0.0,0.0,0.0,0.3,0.7,1.3,,-4.17,john-tenerowicz
0,2021-22,Utah State,MWC,15,0,2.8,0.3,0.7,0.4,0.3,0.5,0.571,0.0,0.2,0.0,0.0,0.0,,0.2,0.3,0.5,0.1,0.1,0.1,0.0,0.3,0.5,,4.53,norbert-thelissen
4,2021-22,Coastal Carolina,Sun Belt,27,2,6.2,0.5,0.9,.520,0.5,0.9,.520,0.0,0.0,,0.3,0.4,.900,0.4,0.8,1.1,0.0,0.1,0.6,0.4,0.8,1.3,,-2.41,deshawn-thomas
0,2021-22,Southeast Missouri State,OVC,25,2,10.3,0.8,2.0,0.38,0.5,1.0,0.48,0.3,1.0,0.28,0.6,1.0,0.667,0.2,0.9,1.1,0.5,0.3,0.1,0.3,1.4,2.4,,-4.69,chase-thompson
3,2017-18,St. Joseph's,A-10,8,0,1.4,0.0,0.1,0.0,0.0,0.1,0.0,0.0,0.0,,0.3,0.3,1.0,0.0,0.1,0.1,0.0,0.1,0.0,0.3,0.0,0.3,,1.9,kyle-thompson
1,2021-22,Presbyterian,Big South,24,0,14.1,1.2,3.6,0.333,0.9,2.0,0.438,0.3,1.6,0.205,0.4,0.6,0.643,0.5,1.0,1.5,0.6,0.7,0.0,0.5,1.3,3.1,,-3.65,kirshon-thrash
4,2021-22,New Mexico State,WAC,21,7,19.4,2.2,5.0,0.442,1.5,3.0,0.5,0.7,2.0,0.357,1.3,2.1,0.636,1.5,1.9,3.4,1.0,0.3,0.1,1.2,1.6,6.4,,1.24,donnie-tillman
2,2021-22,New Mexico,MWC,29.0,13.0,15.0,1.3,3.4,0.39,1.1,2.4,0.451,0.2,1.0,0.241,1.3,1.7,0.755,0.7,1.5,2.2,0.7,0.8,0.5,0.7,1.9,4.2,,4.32,taryn-todd
3,2021-22,UCSB,Big West,28,3,10.8,1.0,2.0,0.482,0.9,1.5,0.61,0.1,0.5,0.133,0.5,1.0,0.519,0.5,1.9,2.5,0.8,0.2,0.1,0.7,1.3,2.5,,-4.39,sekou-toure
0,2021-22,Jacksonville State,A-Sun,7,0,2.3,0.3,0.4,0.667,0.0,0.0,,0.3,0.4,0.667,0.0,0.0,,0.0,0.0,0.0,0.0,0.0,0.0,0.1,0.3,0.9,,-3.79,tanguy-touze
3,2021-22,Holy Cross,Patriot,21,7,18.4,1.7,3.0,.581,1.4,2.3,.625,0.3,0.7,.429,1.1,1.6,.676,0.7,0.7,1.3,0.4,0.3,0.1,0.8,1.7,4.8,,-7.87,malcolm-townsel
0,2021-22,UTSA,CUSA,25,6,15.3,1.0,3.2,0.296,0.8,2.0,0.373,0.2,1.2,0.167,1.3,1.7,0.767,0.2,1.6,1.7,1.2,0.4,0.3,1.2,1.2,3.4,,-1.49,christian-tucker
1,2021-22,Mercer,Southern,29,2,13.8,0.8,2.2,0.381,0.6,1.5,0.386,0.2,0.7,0.368,0.2,0.3,0.5,0.4,1.0,1.4,0.7,0.6,0.1,0.8,1.1,2.1,,-1.15,jovan-tucker
0,2021-22,Middle Tennessee,CUSA,7,0,11.7,2.7,5.6,0.487,1.9,2.3,0.813,0.9,3.3,0.261,0.4,0.9,0.5,0.9,1.1,2.0,0.4,0.4,0.4,1.1,2.1,6.7,,-1.16,isaiah-turner
1,2021-22,Wofford,Southern,11,0,5.9,0.6,1.7,0.368,0.5,1.1,0.417,0.2,0.6,0.286,0.2,0.4,0.5,0.2,0.6,0.8,0.5,0.1,0.0,0.4,0.4,1.6,,-1.55,keaton-turner
0,2021-22,Cal State Northridge,Big West,4,0,1.0,0.0,0.3,0.0,0.0,0.0,,0.0,0.3,0.0,0.0,0.0,,0.0,0.3,0.3,0.0,0.0,0.0,0.3,0.3,0.0,,-1.41,elijah-uche
2,2021-22,Morgan State,MEAC,7,0,4.0,0.9,1.0,0.857,0.7,0.7,1.0,0.1,0.3,0.5,0.0,0.1,0.0,0.1,0.3,0.4,0.3,0.3,0.0,0.3,0.0,1.9,,-8.12,thaire-vance
1,2020-21,St. Francis (NY),NEC,4,0,0.8,0.3,0.3,1.000,0.3,0.3,1.000,0.0,0.0,,0.5,0.5,1.000,0.3,0.0,0.3,0.3,0.3,0.0,0.5,0.0,1.0,,-8.38,abdallah-wague
1,2021-22,Radford,Big South,5,0,3.6,0.2,0.6,0.333,0.2,0.6,0.333,0.0,0.0,,0.0,0.0,,0.2,0.2,0.4,0.0,0.0,0.2,0.0,0.2,0.4,,-3.9,joshua-walker
4,2021-22,Northeastern,CAA,26,23,33.9,3.9,9.5,0.411,2.6,5.3,0.493,1.3,4.2,0.309,1.9,2.7,0.725,0.2,4.1,4.3,2.4,0.7,0.2,3.5,2.6,11.1,,-1.19,shaquille-walters
1,2021-22,Penn,Ivy,8,3,15.0,2.9,7.1,0.404,2.6,5.0,0.525,0.3,2.1,0.118,0.4,0.6,0.6,0.9,1.3,2.1,1.3,0.0,0.1,1.0,1.4,6.4,,-0.5,michael-wang
0,2021-22,Prairie View,SWAC,23,0,8.3,0.5,1.2,0.429,0.4,0.9,0.476,0.1,0.3,0.286,0.0,0.2,0.2,0.3,0.9,1.2,0.7,0.5,0.0,0.7,1.2,1.2,,-3.66,deangelo-ware
0,2019-20,Jackson State,SWAC,2,0,9.0,0.0,3.0,0.0,0.0,0.5,0.0,0.0,2.5,0.0,0.0,0.0,,0.5,0.5,1.0,0.0,0.0,0.0,0.0,2.0,0.0,,-8.61,geronimo-warner
2,2021-22,Southeastern Louisiana,Southland,16,0,7.8,0.5,1.8,.276,0.4,0.9,.429,0.1,0.9,.133,0.4,0.4,.857,0.2,1.0,1.2,1.0,0.4,0.0,0.4,0.6,1.5,,-5.77,jondarius-warren
0,2021-22,Cal State Bakersfield,Big West,23,0,9.9,0.7,0.9,0.714,0.7,0.9,0.714,0.0,0.0,,0.0,0.1,0.333,0.7,1.3,2.0,0.2,0.3,0.5,0.3,1.6,1.3,,-2.01,brian-washington
2,2021-22,Portland,WCC,6,0,4.5,0.7,1.7,0.4,0.2,0.2,1.0,0.5,1.5,0.333,0.7,1.0,0.667,0.0,0.7,0.7,0.0,0.2,0.2,0.3,0.3,2.5,,-1.11,wyatt-watson
1,2021-22,Rider,MAAC,5,0,2.8,0.2,1.2,0.167,0.2,0.6,0.333,0.0,0.6,0.0,0.0,0.0,,0.0,0.8,0.8,0.8,0.0,0.0,0.2,0.0,0.4,,-3.56,rj-weise
0,2019-20,Jackson State,SWAC,5,0,2.2,0.2,1.2,0.167,0.2,1.0,0.2,0.0,0.2,0.0,0.0,0.0,,0.4,0.0,0.4,0.0,0.0,0.0,0.0,0.4,0.4,,-8.61,kelvin-wesley
0,2021-22,Montana,Big Sky,10,0,4.3,0.4,2.0,0.2,0.0,0.3,0.0,0.4,1.7,0.235,0.0,0.0,,0.1,0.3,0.4,0.2,0.0,0.0,0.0,0.1,1.2,,-6.21,jack-wetzel
3,2021-22,Northwestern State,Southland,31,28,23.4,2.5,5.3,0.472,1.7,3.5,0.491,0.7,1.7,0.434,0.6,0.9,0.679,0.2,0.9,1.1,3.5,1.0,0.1,1.8,1.4,6.3,,-3.2,brian-white
2,2021-22,Miami (OH),MAC,30,25,22.4,1.5,4.0,0.38,0.7,1.6,0.426,0.9,2.5,0.351,0.3,0.3,0.8,0.3,1.4,1.7,0.9,0.3,0.1,0.7,1.6,4.2,,-4.14,myja-white
0,2020-21,Missouri State,MVC,6,0,4.7,0.2,0.8,0.2,0.2,0.7,0.25,0.0,0.2,0.0,0.7,1.0,0.667,0.0,0.8,0.8,0.3,0.0,0.0,0.5,0.3,1.0,,-0.02,skylar-wicks
0,2021-22,UNC Greensboro,Southern,1,0,0.0,0.0,0.0,,0.0,0.0,,0.0,0.0,,0.0,0.0,,0.0,0.0,0.0,0.0,0.0,0.0,0.0,0.0,0.0,,-1.99,aj-williams
3,2021-22,Robert Morris,Horizon,28,17,26.5,2.7,6.4,.419,2.0,3.8,.533,0.7,2.6,.257,0.9,1.4,.650,0.7,2.1,2.8,1.2,0.6,0.3,1.6,2.0,7.0,,-5.47,jaron-williams
1,2021-22,New Mexico State,WAC,17,0,8.5,0.8,2.4,0.341,0.1,0.2,0.667,0.7,2.2,0.316,0.4,0.5,0.667,0.0,0.4,0.4,0.4,0.2,0.0,0.0,0.8,2.7,,1.24,levar-williams
0,2021-22,New Orleans,Southland,14,0,3.2,0.4,1.1,0.313,0.2,0.4,0.6,0.1,0.8,0.182,0.2,0.4,0.6,0.2,0.3,0.5,0.4,0.1,0.1,0.4,0.0,1.1,,-7.16,norris-williams
3,2021-22,Radford,Big South,28,19,26.5,3.5,9.1,0.387,1.9,4.0,0.477,1.6,5.2,0.317,1.1,1.5,0.732,1.3,3.3,4.6,1.0,0.4,0.5,1.3,2.1,9.8,,-3.9,rashun-williams
2,2021-22,Cal State Bakersfield,Big West,11,6,17.5,2.5,7.3,0.35,1.5,4.4,0.354,1.0,2.9,0.344,0.5,0.8,0.667,0.4,2.2,2.5,1.9,1.1,0.1,1.6,1.8,6.6,,-2.01,shaun-williams
3,2021-22,Coastal Carolina,Sun Belt,17,1,8.9,0.5,2.5,.214,0.2,0.7,.250,0.4,1.8,.200,0.1,0.1,.500,0.1,0.4,0.4,0.4,0.2,0.2,0.4,0.2,1.5,,-2.41,kevin-williamson
3,2021-22,Stephen F. Austin,WAC,24,5,8.8,0.7,2.0,0.327,0.1,0.3,0.429,0.5,1.8,0.31,0.2,0.3,0.667,0.1,0.6,0.7,0.4,0.3,0.0,0.3,0.8,2.0,,-1.6,diego-willis
2,2021-22,Binghamton,AEC,24,4,7.6,1.0,1.9,0.556,1.0,1.9,0.556,0.0,0.0,,0.3,0.5,0.667,0.5,1.1,1.6,0.2,0.1,0.2,0.7,1.2,2.4,,-6.18,yarden-willis
2,2021-22,Austin Peay,OVC,24,13,19.7,1.6,4.5,0.364,0.8,1.6,0.487,0.8,2.8,0.294,0.6,0.9,0.714,0.9,2.2,3.0,1.8,0.8,0.1,1.0,2.3,4.7,,-3.39,alec-woodard
0,2021-22,High Point,Big South,11,0,4.8,0.4,1.3,0.286,0.2,0.9,0.2,0.2,0.4,0.5,0.0,0.0,,0.1,0.7,0.8,0.2,0.1,0.1,0.3,0.3,0.9,,-3.39,caleb-wright
0,2021-22,Oakland,Horizon,9,0,6.1,0.8,1.8,0.438,0.2,0.6,0.4,0.6,1.2,0.455,0.3,0.4,0.75,0.2,0.9,1.1,0.2,0.3,0.1,0.1,0.1,2.4,,-4.06,ty-wyman
3,2021-22,Akron,MAC,23,0,10.4,1.0,2.0,0.468,0.7,1.3,0.586,0.2,0.8,0.278,0.3,0.6,0.538,0.5,1.2,1.7,0.5,0.6,0.3,0.6,2.0,2.4,,-3.93,michael-wynn
3,2021-22,SMU,AAC,26.0,0.0,7.2,0.7,1.1,0.679,0.7,1.1,0.679,0.0,0.0,,0.5,1.0,0.56,0.7,1.0,1.7,0.3,0.1,0.5,0.4,1.1,2.0,,4.44,jahmar-youngjr
3,2021-22,Presbyterian,Big South,32,18,19.9,2.1,5.1,0.42,1.3,2.3,0.581,0.8,2.8,0.284,0.7,1.0,0.688,1.0,1.9,2.9,0.4,1.0,0.4,0.9,1.9,5.7,,-3.65,brandon-younger
3,2021-22,Bellarmine,A-Sun,5.0,0.0,4.8,1.0,1.6,0.625,0.8,0.8,1.0,0.2,0.8,0.25,0.6,0.8,0.75,0.2,1.0,1.2,0.4,0.0,0.6,0.4,1.2,2.8,,-1.28,baylor-younker
0,2020-21,Loyola Marymount,WCC,1,0,2.0,0.0,0.0,,0.0,0.0,,0.0,0.0,,0.0,0.0,,0.0,0.0,0.0,0.0,0.0,0.0,0.0,1.0,0.0,,4.05,anthony-yu
0,2021-22,Bryant,NEC,3,0,4.0,0.3,1.0,0.333,0.0,0.3,0.0,0.3,0.7,0.5,0.3,0.7,0.5,0.3,0.7,1.0,0.3,0.0,0.0,0.3,0.0,1.3,,-7.41,max-zakheim
1,2021-22,Lafayette,Patriot,9,0,1.7,0.0,0.2,0.0,0.0,0.2,0.0,0.0,0.0,,0.0,0.2,0.0,0.2,0.0,0.2,0.1,0.2,0.0,0.1,0.2,0.0,,-6.67,ryan-zambie
2,2020-21,Chicago State,WAC,7,4,31.0,3.9,10.0,.386,2.9,6.3,.455,1.0,3.7,.269,2.1,3.1,.682,0.1,1.7,1.9,2.4,0.6,0.0,1.9,1.1,10.9,,1.41,levelle-zeigler
0,2021-22,Florida Atlantic,CUSA,18,0,5.6,0.7,1.7,0.419,0.3,0.8,0.357,0.4,0.9,0.471,0.2,0.3,0.667,0.3,0.4,0.8,0.2,0.3,0.0,0.1,0.3,2.1,,-1.82,bogdan-zimonjic
2,2021-22,Northeastern,CAA,16,7,13.8,1.1,2.6,0.439,0.6,0.9,0.643,0.6,1.7,0.333,0.3,0.3,0.8,0.2,0.8,0.9,0.4,0.4,0.1,0.9,1.1,3.1,,-1.19,vito-cubrilo
1,2021-22,Central Michigan,MAC,1,0,1.0,0.0,0.0,,0.0,0.0,,0.0,0.0,,0.0,0.0,,0.0,0.0,0.0,0.0,0.0,0.0,0.0,0.0,0.0,,-1.52,rastislav-sipkovsky
